StudyHours,Attendance,PreviousMarks,SleepHours,FinalMarks
6.6,69.5,72.5,8.7,74.1
6.6,88.4,61.5,6.1,79.6
5.4,63.4,58.0,4.5,48.7
5.5,56.6,56.6,5.7,53.5
5.6,70.6,87.0,5.1,73.0
5.9,56.4,66.7,6.1,65.5
4.8,90.9,56.0,5.6,74.6
0.5,69.8,46.7,5.3,45.9
5.0,73.7,76.1,6.6,67.8
7.1,62.9,54.2,7.1,58.1
3.6,66.1,69.9,7.8,74.2
4.6,62.0,79.0,7.4,78.7
2.4,66.7,57.8,5.4,61.3
7.6,72.2,85.3,7.1,81.1
5.0,89.3,70.4,9.0,62.8
4.6,72.9,77.3,7.1,65.0
8.2,73.8,61.7,5.8,65.9
5.6,79.9,57.5,6.2,73.3
3.5,81.8,66.5,6.6,69.0
5.1,70.3,43.0,7.0,60.4
3.8,61.8,43.8,6.0,53.7
5.5,93.5,71.1,7.3,81.4
4.6,65.4,36.2,10.0,49.7
2.5,70.3,69.5,8.5,70.2
8.3,60.9,76.9,4.7,71.3
4.4,63.0,97.9,7.1,78.3
2.2,67.3,41.7,7.6,48.4
4.8,64.1,88.2,8.1,71.2
1.5,86.2,68.4,7.2,69.8
2.3,56.9,76.7,7.7,66.8
3.6,74.7,68.8,7.3,72.4
5.8,90.8,54.3,5.3,73.9
7.3,77.3,50.4,5.6,69.7
9.3,80.8,71.2,6.0,78.1
4.6,58.2,51.7,7.4,62.1
8.4,72.0,77.4,6.1,96.0
2.8,61.1,74.4,7.6,65.7
5.1,77.3,75.7,5.9,67.1
5.3,79.3,58.3,5.3,68.4
5.5,60.3,70.8,7.0,64.5
7.5,77.5,70.4,8.0,72.2
5.8,74.1,50.9,7.5,89.0
7.3,84.9,73.6,7.5,81.6
4.7,62.4,76.4,6.4,71.9
7.2,52.5,98.0,4.6,69.3
3.0,73.2,81.3,6.1,76.0
4.9,71.0,54.0,6.2,76.4
5.6,47.1,74.5,6.0,71.5
5.9,66.8,53.1,8.0,59.7
3.5,63.5,60.0,9.3,62.6
9.3,78.2,46.1,7.7,64.4
3.3,84.1,57.7,7.6,72.8
0.5,67.2,51.1,5.7,45.9
1.5,86.8,46.3,6.4,58.8
8.0,56.0,86.6,6.6,74.6
3.8,73.4,71.9,7.1,70.0
8.5,78.2,66.7,4.9,82.3
5.7,63.8,35.7,7.3,54.4
3.6,63.6,61.9,8.1,66.2
5.5,79.2,54.6,8.0,73.6
6.4,61.4,52.6,7.6,65.4
3.7,85.6,66.8,7.7,72.7
6.8,82.7,61.7,7.8,83.9
4.3,78.2,65.3,7.4,71.5
3.2,77.4,66.5,9.7,59.9
6.4,81.2,46.8,7.6,72.8
5.2,59.2,64.8,6.1,71.2
4.2,59.8,62.8,7.5,61.9
5.3,71.1,52.7,6.3,62.7
2.0,53.1,68.5,6.1,56.4
7.0,88.4,69.7,6.5,81.3
4.1,67.5,50.0,7.4,57.2
4.9,89.6,72.8,7.5,84.0
4.9,71.8,59.0,7.1,64.3
8.2,76.0,65.4,7.8,90.3
5.2,78.7,53.5,9.8,59.8
0.5,60.9,52.4,6.3,43.4
9.2,74.4,67.3,7.6,77.1
1.8,73.9,51.5,9.4,61.7
7.8,48.4,58.0,6.4,71.8
4.5,59.2,41.1,7.1,53.7
4.9,58.6,74.3,7.2,73.6
1.8,58.1,75.7,8.7,64.2
5.0,86.9,53.8,8.5,71.0
5.1,95.7,95.9,8.3,93.6
6.9,61.5,85.5,8.1,70.3
4.1,45.0,47.3,7.9,61.5
2.0,89.7,66.1,4.8,63.2
0.6,70.5,70.8,6.9,52.5
3.1,75.9,75.0,6.3,65.7
2.8,81.3,64.1,7.7,66.1
2.5,66.9,53.1,6.3,51.0
4.1,74.8,94.5,7.3,82.1
6.6,76.9,61.7,6.1,69.6
1.6,45.0,60.9,8.8,59.9
5.6,76.4,61.3,10.0,73.0
1.4,58.2,63.1,7.3,52.7
2.2,59.0,43.7,9.2,53.8
5.2,87.7,64.9,5.9,82.7
4.7,58.8,73.1,5.9,60.1
2.2,95.0,78.9,7.7,74.3
3.0,61.8,57.7,7.1,55.7
4.6,70.0,69.1,5.8,65.9
3.1,77.7,76.3,7.1,77.7
3.0,72.8,40.0,7.7,52.5
4.6,46.4,37.9,7.3,46.0
5.0,51.5,74.6,5.4,61.5
4.2,59.8,65.7,8.3,62.3
6.4,58.3,77.5,8.7,60.2
4.3,75.1,53.0,7.5,62.7
7.6,68.3,66.3,6.9,77.1
3.9,63.2,58.8,7.5,61.5
7.0,95.6,69.3,6.3,89.8
2.7,45.0,58.9,4.6,45.1
5.7,90.2,65.3,6.6,82.6
6.0,67.9,31.8,4.9,58.5
6.5,65.8,70.1,9.7,70.9
3.2,65.0,68.7,8.1,61.8
6.1,64.4,66.1,7.3,77.2
2.7,65.6,57.3,6.4,61.9
7.1,60.6,76.4,8.4,78.0
2.8,64.9,93.2,4.7,77.1
5.8,70.8,74.8,5.4,86.3
6.6,71.6,66.9,7.4,76.4
8.9,73.9,53.1,8.2,82.2
4.6,57.0,57.3,7.1,68.4
4.1,84.5,39.6,6.4,56.4
4.7,76.2,40.2,5.3,50.3
4.3,89.3,60.0,5.0,66.7
4.8,45.0,60.9,6.7,64.0
5.0,87.7,92.7,5.6,98.8
5.0,70.3,65.9,7.3,70.4
4.8,62.1,56.4,6.3,59.0
8.3,67.2,66.6,3.1,61.2
4.6,47.9,83.7,6.5,62.2
8.6,54.9,53.3,7.7,74.4
4.1,58.1,75.8,7.6,62.8
4.4,68.7,75.7,7.9,75.9
2.5,83.1,59.6,7.8,70.1
2.2,73.2,60.4,8.2,61.5
3.3,81.4,57.2,5.2,53.9
9.0,56.0,74.1,3.7,69.8
3.9,69.3,68.2,7.5,69.3
5.7,73.9,81.5,6.4,79.0
2.1,50.2,69.6,8.0,60.2
5.7,69.8,62.2,6.2,65.2
6.0,58.7,67.9,4.6,68.6
7.3,74.1,72.1,8.8,83.3
3.1,50.5,37.4,7.0,51.3
3.1,70.6,54.1,6.2,53.0
2.6,51.7,51.2,8.4,47.6
6.1,80.9,98.0,5.7,89.5
10.0,70.2,56.4,6.1,80.2
8.7,68.0,54.5,5.6,75.5
6.6,64.8,75.6,8.0,79.8
4.0,57.7,41.4,6.9,57.9
5.9,54.4,67.7,7.7,71.7
6.3,82.4,81.2,6.7,74.4
5.7,73.5,71.4,5.2,65.5
6.8,71.9,80.8,6.8,81.1
5.5,65.9,79.1,6.3,72.8
3.9,72.0,60.4,8.6,61.0
8.1,64.3,62.2,6.8,78.6
6.5,69.9,42.7,6.9,69.8
9.9,85.7,57.2,5.8,72.2
4.3,92.2,86.8,6.5,83.1
2.4,56.0,44.8,6.0,49.4
2.9,89.1,68.5,8.3,71.8
2.5,78.0,64.3,7.5,68.1
10.0,74.6,72.4,5.4,73.4
3.4,61.9,55.7,8.5,67.6
5.9,58.7,56.4,6.2,67.1
8.5,52.3,68.0,8.8,67.6
5.6,72.6,59.2,7.8,81.4
1.9,60.0,62.3,6.0,56.8
6.0,67.8,91.9,6.8,89.5
4.6,68.6,98.0,8.4,86.5
4.8,81.2,92.7,7.8,88.8
7.6,77.9,77.3,8.1,90.5
5.5,69.5,74.7,8.5,70.4
5.2,66.1,70.5,8.6,72.1
6.7,53.8,65.7,7.6,80.9
5.5,71.9,60.4,9.0,67.9
5.5,77.9,69.2,6.3,76.0
5.6,60.1,81.1,6.0,80.2
5.4,59.9,42.2,9.0,56.4
1.6,91.3,56.7,4.1,57.8
6.4,56.6,57.5,7.1,62.8
6.0,77.6,45.8,6.7,76.8
3.2,49.3,48.9,6.9,54.4
2.2,73.7,61.4,8.9,61.5
6.3,76.6,81.8,7.5,85.0
5.6,87.4,74.6,7.8,81.1
9.4,65.1,86.6,6.3,76.6
6.9,62.1,66.9,5.9,67.8
0.5,60.3,36.7,4.9,38.4
3.1,76.9,76.8,6.9,73.4
6.6,85.4,47.6,6.5,70.6
4.5,46.0,68.1,6.1,56.2
6.3,90.9,60.8,6.1,79.5
5.6,84.2,86.0,6.1,87.3
6.5,81.6,70.9,8.1,76.6
10.0,75.3,84.8,5.4,91.0
4.0,62.6,68.0,6.6,69.2
5.1,64.3,72.8,9.8,77.4
5.4,71.4,71.5,7.7,69.1
5.8,49.4,61.1,7.7,61.5
2.3,58.8,88.6,7.3,76.3
7.9,68.3,90.3,6.5,84.6
1.8,79.8,78.3,8.9,77.3
5.9,73.3,55.6,7.2,66.6
7.4,68.2,54.9,7.3,68.3
7.8,45.0,76.6,4.3,58.1
7.2,51.9,48.2,6.1,62.1
5.2,75.6,64.3,5.3,73.8
3.9,50.2,57.6,9.0,61.8
4.2,65.0,59.8,9.7,63.1
5.7,83.3,71.5,6.6,77.2
6.6,69.4,63.9,6.8,76.8
0.6,70.8,63.8,8.2,58.8
9.9,45.0,80.0,6.1,81.6
2.4,75.0,49.4,6.2,68.6
6.9,72.2,62.1,7.4,74.6
5.0,99.7,70.5,7.3,88.3
6.7,86.7,81.6,5.3,90.8
3.0,71.1,47.8,6.9,60.9
8.6,75.8,69.8,7.0,79.5
2.6,86.4,79.5,7.8,80.3
4.6,85.8,60.5,7.2,72.1
1.8,56.9,65.2,9.1,51.9
3.3,45.0,50.1,5.3,57.4
10.0,64.0,80.1,7.5,81.8
1.2,92.2,30.0,4.9,52.5
6.9,91.6,98.0,7.5,97.7
5.5,75.1,76.4,6.9,73.6
4.7,49.1,60.8,5.7,52.8
7.1,87.1,67.7,4.6,65.0
4.8,60.3,79.1,7.7,67.9
3.7,54.2,66.6,7.4,54.9
6.3,70.8,71.6,7.1,83.7
5.3,65.1,66.9,7.7,70.9
3.6,61.7,65.6,5.2,70.0
3.0,58.9,46.3,8.2,53.0
6.0,64.7,83.7,5.8,88.0
6.0,71.0,47.2,7.4,64.6
4.6,70.2,63.1,8.3,81.0
4.6,52.3,56.6,10.0,50.9
4.3,93.8,89.6,7.7,92.1
3.6,66.7,59.3,5.7,57.8
2.9,67.7,46.6,7.3,49.1
0.7,80.7,70.0,7.5,70.6
5.6,87.3,46.9,6.0,67.5
6.4,72.2,73.4,5.6,75.3
2.6,65.5,43.8,6.0,59.7
2.9,79.8,81.4,6.6,82.0
5.9,98.2,67.1,7.1,80.6
6.6,68.5,67.0,8.0,69.6
5.7,45.0,45.0,5.5,40.2
5.1,100.0,70.8,8.1,83.2
4.3,80.8,63.5,7.3,74.0
4.4,80.4,55.0,6.0,69.7
4.7,68.3,51.5,8.4,65.9
8.1,79.8,64.6,7.3,79.2
3.9,54.3,45.3,6.2,52.7
4.9,76.5,65.8,7.6,73.3
4.1,54.3,35.4,5.4,50.9
5.0,88.1,88.0,8.9,85.2
4.2,61.9,59.9,6.5,64.5
6.0,70.4,67.4,8.4,78.4
6.6,45.0,42.7,5.0,49.5
5.8,45.7,47.4,7.9,54.0
5.2,58.2,30.0,5.1,48.3
5.3,76.9,64.8,5.7,77.1
2.9,69.3,62.6,6.4,58.9
1.9,90.2,62.4,4.9,70.6
7.2,61.5,61.9,5.9,75.0
9.9,65.7,75.2,5.5,78.8
8.5,86.3,69.5,6.5,79.1
9.6,62.9,71.9,6.5,76.2
2.9,54.3,67.8,8.6,57.6
7.3,74.1,49.3,7.6,75.2
8.1,51.2,53.6,6.1,62.4
6.4,79.7,84.9,9.6,77.4
5.9,72.8,78.9,8.9,80.4
4.4,84.1,73.1,5.9,69.4
2.0,90.3,35.5,6.7,55.4
7.0,80.5,69.6,5.9,76.7
8.6,67.7,69.2,7.1,82.0
5.6,85.6,74.9,5.2,78.7
6.1,62.2,55.2,8.4,65.6
5.6,91.1,69.6,10.0,78.2
5.3,75.1,38.6,8.6,64.5
4.5,55.0,62.9,5.9,58.6
6.0,91.4,73.8,5.3,81.4
5.1,65.4,82.9,7.0,72.5
6.1,70.0,74.7,5.7,71.7
9.0,67.2,75.8,5.9,76.7
1.4,55.1,79.0,5.0,63.9
3.6,99.5,56.7,7.2,82.1
8.3,99.3,95.1,7.8,100.0
3.4,65.1,76.7,7.0,69.6
7.0,77.3,58.2,6.8,81.7
3.1,65.1,47.9,4.6,49.6
6.4,87.9,63.2,5.5,84.8
4.9,79.7,83.3,5.8,76.6
8.7,95.1,81.3,5.8,82.7
5.8,49.1,67.1,6.7,63.3
3.3,72.6,41.1,5.5,38.5
8.6,91.2,64.6,5.9,74.5
5.8,59.1,72.0,7.9,78.5
3.0,67.3,63.5,5.9,61.4
3.3,81.8,70.5,8.9,69.9
0.5,61.0,64.7,8.1,57.7
6.1,70.2,60.8,4.8,61.7
5.9,56.7,76.9,5.1,70.7
7.6,50.5,64.5,5.7,58.0
2.8,84.2,68.0,7.1,73.8
4.4,73.7,75.4,5.9,73.4
5.6,45.0,48.9,8.1,44.0
9.2,75.2,49.9,6.4,68.2
3.5,86.1,62.3,6.0,66.8
8.3,69.3,50.7,6.9,68.7
6.9,50.6,60.6,6.6,64.5
4.0,78.5,98.0,6.4,90.6
7.1,53.0,66.7,5.8,74.2
8.1,67.1,81.2,6.6,86.2
3.7,60.9,72.3,8.3,65.8
5.8,57.6,58.9,9.6,56.2
4.8,87.0,65.4,7.6,70.2
7.3,68.7,71.4,8.2,91.1
5.6,75.2,73.7,6.5,78.2
7.8,71.4,60.6,5.3,72.7
0.7,71.5,84.8,6.2,72.8
3.9,58.0,64.7,8.1,67.1
4.1,65.1,61.4,5.8,72.0
8.3,83.9,60.2,7.8,76.5
3.1,70.6,71.1,7.4,62.9
5.8,67.1,82.8,7.2,77.4
7.1,65.6,73.8,4.9,68.2
4.1,62.4,94.1,7.7,79.6
6.5,76.7,70.3,8.2,79.8
9.1,77.5,61.4,6.2,71.9
0.6,71.0,81.6,8.1,61.4
5.4,73.8,63.6,7.9,69.7
6.8,68.0,72.7,7.5,71.6
7.1,66.0,81.3,7.2,90.3
4.9,65.3,61.6,6.6,71.4
2.2,53.7,40.8,8.2,57.5
5.1,67.7,63.4,8.5,63.7
6.2,82.2,68.6,7.1,83.8
2.9,72.9,30.0,4.6,47.5
7.5,71.4,85.6,8.7,90.4
5.7,82.6,89.6,4.8,78.6
4.4,94.2,52.4,7.2,74.8
3.6,90.4,65.7,7.3,70.6
4.5,59.7,45.2,6.4,53.4
1.3,65.8,43.9,8.0,50.9
2.9,63.0,43.1,7.4,62.0
4.1,67.2,36.9,7.9,57.2
3.0,64.5,53.7,8.4,59.2
4.0,73.5,93.5,5.0,66.4
5.6,69.6,41.2,4.8,60.6
8.4,70.7,57.8,7.7,72.5
3.2,45.0,51.6,6.7,47.1
4.5,70.6,63.0,6.2,68.4
8.2,57.9,71.6,6.4,74.4
7.3,74.4,75.6,7.0,77.3
5.3,57.1,70.4,6.9,68.2
3.8,47.1,63.1,7.1,60.8
2.8,82.9,49.6,8.3,65.2
2.2,89.8,55.3,8.2,71.3
4.2,85.2,54.9,7.4,71.3
6.7,79.4,63.0,4.5,75.1
7.0,78.6,40.1,5.3,60.1
4.0,64.9,48.4,8.0,67.1
5.0,66.4,85.9,4.8,67.4
2.6,91.6,79.5,6.2,76.5
6.0,60.9,69.2,6.2,70.1
4.2,71.3,73.2,6.9,72.2
8.4,66.1,59.4,7.2,71.5
7.8,67.6,75.5,7.1,78.7
2.7,52.2,71.7,5.4,59.5
6.9,100.0,91.0,7.4,89.5
3.5,59.3,56.9,6.8,57.6
2.0,74.5,35.3,7.3,63.9
4.1,45.0,51.2,8.4,65.1
3.6,73.2,46.6,6.9,75.2
5.6,69.7,42.5,8.3,62.3
5.7,66.0,69.6,6.5,75.2
4.8,73.7,59.5,8.5,68.2
2.5,81.2,38.4,6.2,52.3
10.0,47.5,85.6,7.6,81.8
6.1,73.3,64.2,7.7,76.7
4.7,67.8,66.3,6.7,75.8
6.6,45.0,73.9,7.0,69.3
7.0,82.6,59.2,5.7,75.4
3.3,51.3,50.4,8.1,59.9
6.3,79.9,72.7,6.0,79.9
7.9,80.9,77.0,7.5,86.4
3.4,72.1,81.1,6.8,70.1
3.1,66.7,54.9,6.6,50.0
3.3,70.5,68.2,7.9,73.5
2.8,57.2,40.9,5.8,53.5
0.5,66.4,62.1,7.8,48.0
8.0,73.5,65.9,4.8,51.2
7.8,92.0,67.8,6.9,80.9
6.3,60.1,77.1,7.5,81.0
4.5,79.7,98.0,7.0,81.3
3.6,63.5,54.6,7.2,56.8
5.3,72.5,81.8,6.5,79.3
3.8,61.5,77.4,6.6,62.6
6.7,62.4,52.7,7.1,67.3
6.1,70.3,77.8,6.7,79.3
4.5,45.0,56.3,8.8,61.6
5.5,87.0,79.5,7.2,79.8
7.6,76.7,60.3,6.4,72.1
1.8,77.2,65.0,4.0,51.2
4.3,61.2,46.7,6.4,65.8
6.5,74.3,69.9,5.3,78.4
2.6,77.9,63.9,5.0,66.1
3.2,60.0,70.6,8.5,58.6
6.9,62.9,89.6,6.3,84.4
4.9,66.8,56.8,5.7,67.4
2.7,66.1,57.3,3.7,46.6
5.6,84.4,98.0,6.6,89.8
7.6,57.1,73.2,7.5,78.8
6.6,71.2,71.6,7.5,75.0
8.2,69.9,56.4,4.9,55.3
5.4,71.0,67.5,7.3,71.7
3.6,54.1,87.3,6.9,62.7
5.0,89.5,62.4,7.3,69.0
4.1,64.1,55.8,8.7,65.0
5.8,70.5,48.3,8.4,73.5
1.9,58.0,49.8,6.7,54.9
4.6,71.3,79.8,7.2,72.0
6.0,55.4,96.3,9.5,77.8
4.5,65.3,62.1,8.8,53.5
4.9,56.4,88.0,6.4,78.1
9.0,72.0,41.0,4.6,58.4
4.8,73.6,55.1,6.2,68.6
7.1,71.8,92.1,5.0,72.3
5.9,88.9,72.1,6.5,80.6
6.6,74.4,46.2,6.2,63.1
4.9,65.4,69.0,9.7,65.0
6.5,61.4,59.6,6.5,64.3
4.1,90.0,84.8,4.6,81.4
0.5,77.9,54.7,8.2,48.2
3.1,71.8,76.0,6.5,74.6
9.4,77.3,66.6,4.3,77.5
2.1,59.4,66.6,6.8,65.6
1.8,87.8,63.1,7.0,60.5
4.2,81.5,70.5,3.6,62.6
7.8,75.8,71.6,5.2,75.9
6.1,51.3,82.9,6.2,72.4
3.6,64.9,70.2,7.0,62.2
2.1,75.7,48.7,7.9,61.3
7.1,58.0,39.1,5.4,50.0
4.6,80.4,71.9,6.2,82.6
5.7,85.7,91.1,5.8,83.2
8.2,76.2,72.8,7.4,73.5
4.5,60.4,80.8,7.3,84.2
5.3,82.2,98.0,7.7,91.8
5.4,90.8,60.2,7.6,79.9
3.8,81.0,71.3,6.3,66.9
6.1,80.3,71.6,9.0,77.0
4.3,58.4,75.0,7.9,74.5
1.6,68.5,60.6,6.5,63.7
5.3,77.3,73.6,7.0,73.5
6.3,76.6,75.5,6.1,66.2
3.4,66.7,81.5,7.9,70.9
6.8,79.8,80.9,5.0,84.8
5.4,66.2,68.9,4.6,66.9
1.3,51.5,49.6,8.4,44.4
1.7,67.0,88.0,5.5,74.5
5.3,63.1,62.7,7.6,74.4
2.5,68.9,86.7,6.5,74.2
5.5,56.3,50.5,6.9,61.1
2.7,65.5,53.6,8.2,64.7
1.2,54.7,37.3,6.2,41.8
2.4,55.7,43.3,7.3,51.1
3.6,70.5,54.2,6.6,71.9
7.2,57.4,85.1,7.7,73.0
2.8,90.3,77.3,5.8,80.4
5.8,77.2,69.1,7.4,69.1
4.8,86.4,80.7,6.9,73.6
5.0,78.0,72.7,8.5,74.0
5.1,59.0,73.5,6.8,71.8
6.7,67.6,59.5,6.2,60.5
2.7,90.5,91.2,7.9,80.1
4.6,74.1,69.0,6.0,67.0
4.6,58.0,51.3,6.1,62.2
6.0,66.4,87.3,7.5,83.5
6.1,79.1,66.1,5.2,76.4
5.3,62.8,78.3,7.8,73.6
3.6,100.0,81.1,5.2,81.0
8.4,68.9,75.8,4.7,74.5
9.2,89.3,55.9,5.4,69.8
5.2,67.3,77.9,7.0,64.9
3.9,61.7,64.8,8.9,57.1
4.6,68.5,77.2,8.0,76.3
4.4,82.9,73.6,6.2,69.9
7.5,100.0,52.6,4.9,62.7
6.4,77.7,72.2,6.5,77.2
0.5,71.8,69.9,6.7,54.4
5.9,100.0,67.6,6.5,87.3
6.5,76.1,72.2,9.5,69.0
6.4,59.9,72.1,5.6,67.6
6.9,81.0,60.6,5.1,71.1
4.3,53.3,54.4,6.6,72.2
3.9,54.4,71.5,8.3,77.1
8.6,45.0,41.2,7.0,54.1
5.2,45.0,73.0,7.4,71.6
2.7,68.7,49.8,7.3,53.6
6.3,57.1,58.9,7.9,65.2
4.4,52.7,65.6,6.9,78.3
6.9,85.1,48.3,7.1,81.6
5.0,75.5,70.6,8.6,79.9
4.4,52.8,55.6,6.0,57.6
5.3,67.3,83.6,7.0,82.8
4.8,57.7,31.3,8.6,48.6
3.0,73.2,36.9,5.5,48.4
0.5,62.3,62.2,8.2,60.1
4.8,57.8,74.8,7.0,73.6
5.4,62.7,75.0,7.5,81.5
5.4,81.1,75.6,8.8,80.4
6.3,84.9,52.1,6.2,68.5
5.5,76.2,69.4,7.3,85.0
7.4,74.7,81.1,5.3,77.8
3.7,71.5,92.1,6.2,72.2
1.7,63.8,53.2,7.0,60.2
5.9,86.2,51.4,8.2,67.9
7.2,58.8,77.8,6.9,79.4
6.0,56.6,47.4,5.6,60.4
1.9,77.1,44.5,7.7,60.1
5.4,75.4,54.5,6.2,61.9
1.0,69.8,35.6,7.1,45.5
4.5,67.9,75.2,8.0,75.0
1.7,76.3,69.7,8.0,69.7
4.6,64.8,49.7,6.8,63.4
2.5,86.2,86.5,7.8,86.5
9.5,84.0,70.8,7.6,86.1
5.4,74.1,80.7,6.5,87.1
5.9,86.5,52.7,5.1,69.2
6.3,72.8,33.5,6.0,59.7
3.3,68.3,94.3,8.9,87.7
8.0,82.1,65.1,5.6,70.5
6.6,93.0,83.5,5.6,91.7
5.6,64.8,57.0,8.9,69.8
5.2,76.5,71.2,7.7,62.0
2.4,72.2,60.6,7.5,62.3
4.5,92.8,91.3,6.8,87.5
3.2,71.3,58.2,5.5,64.3
7.2,61.8,74.4,5.9,71.6
6.2,71.4,77.3,6.1,76.1
4.5,60.6,61.9,5.0,57.2
4.4,66.3,60.7,6.9,68.9
2.6,64.2,78.1,5.6,63.1
2.0,60.0,59.7,6.4,58.1
4.3,64.6,73.9,5.8,68.5
0.8,75.0,52.3,6.5,55.9
5.8,100.0,67.8,5.6,79.3
2.6,65.0,38.4,8.2,49.1
8.8,62.1,63.2,6.0,82.2
6.1,77.6,77.2,7.4,69.8
4.8,79.5,60.8,5.2,66.6
5.4,88.8,90.6,8.2,86.8
7.9,55.1,39.4,6.2,57.7
8.5,92.2,60.5,9.4,78.1
8.3,52.5,69.4,5.0,64.9
2.8,60.5,48.5,6.2,51.4
2.4,78.8,56.8,7.3,70.7
4.3,60.2,57.3,8.5,63.2
2.4,74.6,57.0,7.9,64.9
3.0,59.2,60.4,7.7,67.5
0.5,74.1,55.4,6.2,52.8
3.3,56.7,51.4,7.4,55.9
3.0,45.0,31.4,7.6,29.1
7.9,62.6,57.5,6.1,70.7
6.7,45.0,67.1,7.0,69.5
9.5,49.9,98.0,6.0,81.8
3.7,64.8,64.3,7.4,57.8
2.7,66.7,76.3,6.4,75.1
3.2,73.1,57.0,8.0,68.1
7.0,72.1,92.7,6.8,90.3
4.4,77.3,54.2,6.9,67.5
5.5,69.2,68.8,9.0,76.7
3.3,66.5,78.0,8.2,75.7
4.9,66.1,87.1,4.9,70.3
6.7,66.6,79.9,6.5,80.1
0.5,68.4,47.8,6.8,39.9
6.4,82.0,83.1,8.8,78.2
5.0,85.1,91.2,8.5,82.5
3.6,60.8,52.6,5.6,63.2
3.7,73.6,61.1,4.6,61.6
1.4,64.9,36.3,9.6,48.8
3.2,85.4,66.6,7.7,73.4
6.7,85.9,69.0,7.1,71.5
4.9,66.4,50.6,5.5,73.2
5.6,80.6,87.7,6.6,79.1
2.3,73.3,66.2,7.4,65.0
3.5,55.4,36.4,9.5,50.5
1.2,72.8,45.0,8.4,49.7
2.1,85.7,63.6,5.2,60.3
0.5,54.1,80.6,6.4,60.5
4.5,67.1,83.0,8.5,65.2
5.9,71.4,59.2,6.2,69.2
5.3,56.9,30.0,5.7,49.8
5.5,66.9,71.7,5.7,69.5
3.9,73.3,74.2,7.3,77.2
3.6,79.3,34.3,7.6,64.5
4.0,58.4,44.4,6.0,63.7
5.2,61.4,52.1,5.4,56.9
4.9,66.7,69.8,6.3,62.0
5.1,91.8,69.8,7.3,83.9
5.1,87.6,46.0,9.1,62.2
6.8,83.4,92.3,7.0,88.9
1.0,74.4,83.0,5.5,64.4
7.8,70.0,69.6,4.0,64.3
4.2,75.0,37.7,7.5,54.6
6.7,85.4,84.2,6.6,87.9
8.4,78.7,54.4,7.9,71.0
6.4,55.3,70.4,7.4,60.7
4.0,64.0,47.6,5.4,57.7
3.4,68.2,68.8,8.4,76.8
5.9,61.6,57.7,6.4,65.0
8.1,48.8,76.1,6.6,71.3
1.2,69.3,63.7,8.9,58.0
2.9,82.4,71.6,7.6,71.3
5.0,46.4,77.7,6.2,69.6
3.6,62.6,72.1,6.9,63.0
0.5,67.5,77.6,6.5,55.0
4.8,51.5,40.5,8.7,54.5
3.8,74.1,55.9,6.1,57.6
4.8,61.4,38.7,6.9,54.0
1.8,75.2,50.8,8.0,52.8
3.7,50.7,53.7,8.3,59.3
2.9,78.5,79.7,6.6,69.7
7.4,58.6,85.0,7.8,89.8
9.9,77.6,58.9,5.5,63.2
0.5,74.3,36.8,6.5,48.1
5.5,75.5,67.8,8.6,68.5
6.6,59.2,54.8,7.9,68.5
9.0,58.5,82.8,8.4,84.9
4.4,54.1,91.7,6.0,77.7
7.7,76.7,49.2,7.5,72.8
7.5,57.6,50.2,7.6,64.8
2.5,45.0,58.7,9.5,43.8
2.3,82.5,67.8,7.2,74.6
1.3,100.0,65.2,8.4,69.1
3.6,77.0,76.6,7.3,64.7
6.6,74.9,74.0,8.1,80.8
3.5,59.8,67.2,8.5,72.1
2.9,70.0,61.4,8.5,67.3
4.8,63.8,94.1,7.3,84.1
6.9,59.0,61.8,7.7,64.4
5.7,87.1,85.3,7.0,87.6
0.5,68.4,52.1,8.1,42.2
5.0,69.4,87.6,6.2,76.9
8.2,45.0,86.3,7.0,70.6
2.6,87.7,48.9,5.5,66.8
5.6,59.5,70.1,5.6,73.5
6.1,78.8,80.9,9.1,80.1
9.2,72.7,47.3,5.0,60.6
3.0,70.3,71.2,8.5,80.8
1.7,59.6,67.9,7.3,66.2
3.8,71.0,72.1,5.6,73.0
8.8,53.5,78.7,7.2,85.4
4.3,50.6,44.9,7.7,64.5
3.0,68.7,75.6,8.6,63.8
9.0,70.3,89.4,7.3,87.6
5.8,64.7,57.2,7.0,63.9
0.5,70.6,62.5,7.6,50.8
0.7,47.2,47.7,5.2,37.0
6.0,68.1,94.3,7.4,85.1
8.2,55.5,63.8,8.9,60.3
2.6,64.3,49.6,7.7,52.8
6.1,89.2,97.5,8.2,95.6
5.0,58.9,56.5,8.1,64.2
4.4,56.8,41.3,6.9,65.9
7.9,72.9,44.2,9.5,62.2
5.6,77.9,72.4,6.8,79.5
4.6,72.9,30.0,6.7,66.9
9.2,63.6,54.9,5.3,60.8
5.4,79.8,62.8,5.3,66.4
5.8,67.7,55.9,7.4,58.0
8.4,75.4,81.0,7.1,88.3
6.3,87.2,72.0,6.7,93.6
2.5,78.9,78.3,5.3,70.6
5.4,63.0,67.2,9.0,72.0
2.9,66.1,47.9,6.5,54.4
4.6,53.9,57.8,6.3,44.3
4.8,87.7,95.8,7.0,85.3
5.9,96.6,90.4,8.2,91.7
4.9,62.1,44.9,6.4,57.4
5.1,68.8,63.6,5.6,62.9
0.5,78.8,45.7,8.5,58.5
4.1,45.0,60.5,6.9,53.2
6.3,87.2,57.3,5.6,63.5
6.0,66.7,60.1,6.2,70.8
5.5,84.1,94.0,6.7,86.8
5.5,65.1,82.7,7.0,74.6
4.5,70.8,44.4,7.7,58.3
9.1,62.2,83.3,4.1,71.6
6.1,61.5,72.1,8.5,60.1
3.0,45.0,72.5,9.1,56.0
9.2,65.0,47.4,4.0,48.6
5.2,95.7,87.5,5.4,96.3
3.7,81.7,88.9,6.9,80.6
7.0,88.2,70.0,5.3,82.2
8.3,78.9,69.7,5.1,72.4
5.6,50.0,57.0,10.0,46.5
5.3,77.6,64.5,6.8,66.0
0.5,61.4,68.5,8.6,60.1
7.4,72.9,65.8,6.9,81.1
5.6,85.1,60.5,7.2,67.9
3.7,60.7,69.3,5.9,58.7
9.9,90.8,96.9,4.7,88.6
2.6,58.7,45.6,8.6,50.1
10.0,79.7,81.0,4.3,83.3
7.6,60.9,82.2,7.1,78.3
9.3,59.5,52.6,6.4,72.7
7.1,58.9,53.1,4.9,54.5
4.6,71.4,65.5,7.5,74.5
4.6,59.8,76.0,8.6,75.3
0.5,71.1,44.4,7.1,59.0
6.4,57.9,50.8,4.8,53.5
4.7,63.7,73.9,8.0,74.0
5.9,66.5,69.0,6.7,75.1
2.7,66.7,57.5,7.0,56.5
5.1,70.6,48.3,8.0,61.7
6.1,77.5,71.1,5.8,76.0
0.5,70.9,70.5,7.2,71.9
5.7,60.5,59.6,7.3,73.4
5.9,75.9,46.1,6.7,67.8
2.8,82.8,80.4,8.1,75.7
4.7,71.0,66.1,8.5,69.5
5.1,62.8,48.2,8.6,63.8
5.3,97.9,52.2,8.6,73.1
7.8,81.3,73.0,7.9,87.5
5.6,62.4,60.3,8.1,66.1
3.3,89.8,81.0,5.9,77.1
8.1,64.4,69.6,7.1,76.5
5.2,51.0,43.5,4.2,51.8
10.0,100.0,62.6,6.0,85.5
1.7,92.7,79.9,4.7,65.4
7.5,77.3,73.7,5.1,59.8
0.8,62.0,77.9,7.2,66.0
4.6,64.2,63.2,6.5,59.1
5.5,74.6,54.3,7.1,63.2
5.3,45.0,62.3,8.8,52.7
7.6,72.6,56.2,6.0,66.9
8.9,66.8,35.5,6.8,63.5
3.3,70.6,69.8,8.1,70.2
7.9,58.3,65.3,7.4,69.3
3.6,66.3,80.0,6.0,61.1
2.4,49.1,72.1,4.3,51.4
2.7,65.7,62.7,5.5,61.9
2.9,72.6,56.7,7.2,70.4
5.7,66.4,73.8,6.6,74.1
5.4,67.3,60.1,5.7,60.0
1.9,47.7,44.2,7.2,42.2
0.8,71.6,72.7,7.9,67.0
2.8,72.8,50.1,7.1,53.4
4.2,61.4,38.1,6.5,47.6
4.8,72.3,59.0,7.2,64.9
6.4,58.5,82.6,8.3,79.3
7.2,63.2,62.0,4.8,56.1
5.7,84.0,59.0,5.6,69.3
7.0,60.1,55.8,4.9,70.3
4.2,85.0,77.4,6.8,70.9
7.7,74.7,57.1,5.2,63.4
6.3,52.9,62.7,5.9,63.3
4.8,59.5,58.2,6.7,61.7
8.4,72.2,54.1,6.7,77.8
2.2,68.8,44.1,5.1,45.5
5.9,84.1,82.9,4.9,77.3
1.0,72.8,69.5,5.8,59.8
4.8,45.0,73.0,7.2,70.4
3.4,78.5,75.4,4.5,64.4
6.9,89.0,80.0,7.3,87.8
8.5,67.2,56.7,5.2,73.4
1.8,85.2,60.2,7.8,61.5
6.8,69.4,43.8,5.6,53.7
6.2,68.7,63.6,8.1,71.5
4.8,76.9,92.8,4.9,76.8
5.9,80.8,60.0,5.3,70.6
7.2,89.8,75.1,7.7,85.5
2.2,85.9,70.8,6.5,66.5
3.8,85.6,70.7,3.9,61.7
6.2,78.5,78.7,6.5,73.6
10.0,61.1,72.7,7.0,76.1
4.3,67.5,55.8,8.5,64.9
4.9,91.0,54.0,8.0,69.2
1.0,74.6,70.4,9.6,66.3
5.6,55.9,59.0,7.0,66.8
8.2,76.5,67.9,7.3,74.0
10.0,92.8,85.4,4.8,86.2
3.2,72.0,33.8,9.5,46.4
0.5,60.5,39.7,8.0,31.8
4.3,45.1,65.4,9.1,61.2
4.8,67.7,52.0,7.6,56.7
3.8,45.0,73.9,6.4,66.3
2.8,53.2,65.3,7.3,60.1
6.4,62.9,56.3,6.1,65.3
1.6,57.8,97.5,8.0,67.8
4.3,59.9,60.2,9.1,66.4
2.7,54.9,77.9,3.3,45.9
4.8,78.4,79.4,7.0,75.1
1.5,79.7,68.1,7.4,71.2
10.0,77.5,58.8,6.1,79.4
5.8,70.5,53.9,7.1,62.1
6.0,88.0,68.1,8.1,78.3
3.1,75.0,76.2,7.4,67.5
5.5,70.8,55.5,5.4,69.8
1.8,62.8,73.6,6.8,61.2
0.6,65.9,66.7,6.5,54.6
8.9,63.0,74.5,3.9,71.5
5.1,79.8,61.6,8.5,69.8
4.4,84.6,48.5,7.3,74.1
3.4,74.8,49.5,6.8,62.3
7.5,57.3,42.5,7.8,61.4
8.1,67.0,68.6,6.3,76.8
8.8,63.3,82.2,4.4,79.5
0.7,66.2,59.4,6.4,48.1
6.9,67.0,55.9,7.0,71.0
8.6,57.0,48.6,5.5,68.1
7.3,69.5,61.4,8.3,72.1
5.6,68.5,59.2,8.1,68.8
6.0,91.1,74.3,7.3,75.0
4.1,69.4,30.0,6.3,54.1
5.2,83.4,64.1,6.0,78.5
3.9,75.8,61.7,6.2,67.8
4.4,75.8,65.2,4.6,61.7
4.7,68.2,76.9,8.3,70.2
3.5,64.6,41.9,5.7,52.3
5.8,71.0,72.4,9.2,71.2
3.2,64.5,69.2,6.2,62.8
3.5,99.0,70.4,6.5,77.8
7.9,74.1,70.9,3.4,48.1
1.4,82.1,57.6,3.1,47.7
2.9,57.5,68.7,5.7,61.4
0.5,74.5,55.6,5.9,46.0
6.7,63.0,61.2,4.3,61.3
4.1,93.5,73.4,7.4,70.1
4.3,74.9,30.0,8.5,47.7
6.1,93.6,72.8,7.2,83.7
3.2,82.7,41.4,7.7,52.3
3.9,84.6,47.3,8.9,63.5
3.1,76.6,37.4,7.9,57.2
9.4,68.5,41.9,7.0,67.5
5.8,74.9,81.1,5.5,78.3
8.4,62.3,80.5,6.4,74.9
7.0,68.8,80.0,6.3,78.8
0.8,74.6,72.4,5.5,64.8
2.0,63.4,63.0,5.6,46.0
2.8,62.6,63.5,6.9,64.6
8.2,56.6,96.4,7.8,82.9
5.5,65.0,68.0,8.9,73.0
1.9,66.0,72.6,6.7,71.1
4.8,53.9,42.1,5.7,48.5
2.7,52.7,58.6,7.9,50.0
6.1,58.8,41.0,6.6,56.0
6.1,49.2,65.7,7.3,64.3
7.8,58.7,80.1,6.8,76.2
7.7,68.7,64.7,5.2,62.6
7.3,65.2,80.5,8.9,76.1
6.9,57.7,75.2,7.0,77.0
5.9,48.6,55.3,4.2,50.0
9.6,74.4,79.1,7.6,83.9
1.5,69.5,65.4,5.8,56.1
3.8,66.0,34.5,4.8,50.0
4.5,74.3,75.7,7.8,79.4
5.7,60.8,69.6,8.4,67.1
5.7,68.4,96.5,6.0,84.2
2.1,59.5,38.9,7.2,54.7
9.7,45.0,74.7,6.7,69.9
3.6,72.5,67.4,7.3,66.1
1.7,60.9,58.9,7.2,60.2
5.9,81.0,72.7,6.2,82.3
2.5,56.1,44.6,8.4,56.3
3.2,84.0,72.3,7.5,73.7
4.4,70.5,77.7,7.7,79.9
2.5,67.8,55.0,3.8,48.4
0.9,74.5,74.1,6.5,51.5
8.2,60.0,85.5,7.8,76.9
2.8,71.7,48.0,7.1,56.4
5.0,45.0,38.3,6.3,47.1
4.6,85.6,75.4,6.6,81.4
5.8,69.6,44.6,7.8,53.0
5.0,57.7,53.6,7.6,70.3
7.4,62.9,57.6,7.0,76.5
2.2,56.8,69.3,5.0,59.4
7.2,94.9,82.8,8.2,88.2
5.6,77.6,47.7,7.1,69.0
7.9,86.1,69.8,7.3,87.9
6.8,65.6,72.7,4.9,75.8
2.8,70.7,47.1,7.7,58.2
3.3,71.5,41.1,8.1,57.0
3.8,59.4,70.9,6.4,71.0
7.9,64.1,90.2,3.7,61.9
1.2,51.6,50.6,7.5,47.6
5.7,79.1,70.7,7.8,77.1
3.3,80.0,47.2,5.8,59.3
5.5,62.9,51.3,7.4,58.8
5.9,81.8,57.7,9.6,76.0
7.0,55.9,82.2,6.6,73.5
6.2,81.7,67.5,5.7,79.0
4.1,71.2,55.4,6.7,69.0
0.7,91.0,49.4,6.2,58.9
5.0,70.1,73.8,7.5,73.4
7.3,83.2,85.9,5.4,80.2
5.7,57.3,60.5,6.2,68.3
2.7,88.2,48.9,7.3,68.9
2.1,78.9,56.4,8.9,61.4
6.6,65.1,56.1,6.0,62.3
8.9,55.4,61.7,5.7,69.6
5.0,58.7,68.1,8.0,67.3
7.4,84.9,82.9,6.0,82.3
6.0,71.0,55.8,4.0,58.3
7.9,67.0,67.4,7.1,83.1
8.5,80.8,61.8,8.2,72.7
6.0,65.3,61.2,7.7,65.0
8.2,45.9,66.0,5.9,63.6
0.5,83.1,60.4,7.0,58.5
2.9,89.7,58.2,8.0,71.2
3.8,64.8,83.9,8.4,76.0
5.4,60.1,41.8,8.0,54.7
1.6,71.0,30.0,4.4,30.5
4.7,73.4,77.2,8.8,78.5
5.4,56.9,89.2,4.8,70.0
5.0,77.0,61.3,7.8,75.3
3.6,71.1,97.3,7.3,77.2
4.2,69.9,87.2,6.4,81.3
8.6,61.9,62.6,5.3,66.1
6.3,51.9,74.8,5.4,72.2
7.1,76.1,50.6,7.8,72.0
8.2,62.6,61.5,5.6,60.2
3.1,61.9,75.0,5.1,60.4
7.1,72.7,63.8,7.4,73.9
7.7,75.7,62.0,6.8,73.2
6.2,50.4,50.1,7.6,63.7
3.9,86.6,63.1,8.2,72.3
5.7,75.7,55.9,7.4,70.7
7.6,98.6,64.4,7.6,85.0
5.4,78.5,80.1,6.6,79.3
3.2,67.3,30.0,9.1,49.2
2.3,66.7,47.2,7.6,57.5
5.4,62.7,79.4,5.2,74.2
5.2,77.1,72.8,7.5,85.5
2.5,71.0,60.7,5.9,61.7
4.8,69.4,81.6,6.5,73.3
7.9,52.7,69.4,5.7,69.9
6.1,75.2,46.0,7.3,61.1
4.5,56.4,68.7,8.3,70.8
6.4,58.3,65.2,6.8,56.7
7.9,71.5,76.7,5.1,55.4
1.4,74.1,69.2,5.7,76.6
3.5,78.1,60.4,4.3,57.9
4.7,64.6,61.0,7.3,65.9
0.5,73.0,46.0,4.3,45.1
2.1,70.5,72.6,6.1,63.8
6.0,57.5,41.1,8.7,55.0
6.7,48.7,76.3,5.7,70.7
3.0,85.3,61.3,7.8,68.0
3.1,67.4,62.6,7.0,64.1
6.8,71.6,68.6,7.9,70.3
6.6,57.7,78.0,7.6,64.8
3.4,64.6,66.4,8.8,61.0
6.3,69.1,52.9,6.6,73.6
4.0,45.1,73.0,6.3,65.3
5.5,95.3,30.0,7.1,71.5
7.7,85.4,98.0,6.8,93.6
3.3,59.0,57.9,5.2,55.7
4.4,68.5,39.7,7.2,55.6
2.9,91.3,98.0,7.3,84.9
5.6,51.6,49.8,6.0,63.2
3.4,88.7,79.9,7.6,83.1
8.4,59.7,57.9,6.8,73.5
3.5,53.5,52.7,6.8,50.8
2.5,49.7,64.9,7.9,61.7
2.6,56.9,59.1,6.5,61.3
2.7,66.1,78.9,7.3,65.7
6.7,84.7,57.2,7.0,68.1
4.2,83.2,68.2,8.8,80.5
6.8,77.4,90.0,8.6,87.3
5.4,63.5,57.5,5.3,61.0
8.7,46.2,81.4,7.9,73.9
7.9,71.3,73.2,7.8,72.0
5.4,68.9,73.8,6.0,82.5
2.4,63.5,80.6,6.5,70.5
6.8,85.6,68.6,8.0,82.3
6.9,64.5,44.2,6.6,66.0
4.6,56.9,60.2,7.4,60.3
7.4,58.2,61.5,6.3,76.5
3.2,72.5,87.9,4.3,59.9
4.8,83.5,44.4,7.5,53.9
5.3,77.9,47.0,6.8,69.0
5.6,71.0,89.5,7.2,95.8
4.1,73.5,33.5,7.7,53.2
10.0,78.4,64.3,7.3,76.8
0.9,63.6,58.6,6.6,57.9
5.7,79.7,45.9,5.9,64.3
5.5,82.4,89.0,6.6,85.4
9.3,45.0,57.3,6.6,68.4
4.6,61.0,64.1,4.9,73.3
3.7,54.8,46.5,8.7,54.1
6.2,82.3,46.5,7.5,73.3
4.1,100.0,98.0,9.1,91.3
4.8,50.8,72.5,5.9,69.7
5.3,47.5,81.1,8.4,69.1
6.0,75.9,75.9,6.5,71.6
4.7,76.0,48.2,6.8,62.3
4.2,81.9,60.4,5.3,70.5
8.5,69.9,61.9,6.5,76.2
6.0,64.7,47.3,4.8,58.3
7.3,70.7,66.5,7.1,83.9
4.9,69.4,50.1,5.6,66.2
6.8,74.7,98.0,6.8,87.0
1.4,57.4,37.7,9.2,42.5
2.4,79.9,59.8,6.0,64.1
5.9,78.3,80.4,7.0,83.6
5.2,58.1,68.0,5.6,65.7
4.8,99.4,57.8,5.2,71.1
3.9,91.2,72.8,4.9,77.1
4.0,61.7,44.3,6.9,60.9
4.8,65.2,54.7,7.2,64.9
6.0,81.1,71.5,7.4,70.3
6.6,75.9,65.8,5.9,70.0
7.1,75.1,56.4,6.2,76.1
4.6,68.8,66.9,8.0,71.9
6.8,64.7,98.0,6.0,79.6
10.0,71.6,64.8,6.0,71.4
4.9,45.7,69.1,7.0,68.7
5.0,66.1,79.6,6.0,67.4
4.2,55.4,69.6,5.7,66.5
1.5,58.4,92.0,6.8,68.9
4.6,65.1,68.3,7.5,75.6
4.9,61.2,35.7,5.8,62.4
6.0,68.1,55.5,6.1,56.2
4.1,81.4,58.6,5.9,72.7
5.2,63.1,60.0,8.0,79.9
4.1,85.8,77.4,5.7,76.6
4.6,57.3,66.6,7.5,68.7
4.0,74.6,72.6,6.3,65.6
5.0,74.2,91.8,5.8,97.0
5.6,62.4,48.9,7.7,68.0
3.2,80.1,92.1,6.7,82.5
8.3,57.9,96.0,6.7,87.7
6.6,59.7,63.5,7.6,75.2
1.6,62.8,64.8,8.1,61.6
3.7,61.4,50.5,5.1,49.3
3.0,62.5,48.0,4.9,61.8
6.0,63.5,83.8,7.4,85.0
3.5,81.3,52.7,5.3,65.6
2.7,100.0,84.4,7.9,80.9
2.5,54.1,76.8,6.0,63.0
7.1,76.5,55.4,7.5,81.6
8.1,56.3,71.2,5.7,73.3
2.2,79.0,88.6,5.8,81.5
6.6,70.6,62.5,7.7,74.5
6.8,65.8,61.9,7.4,70.1
3.5,70.9,81.2,6.0,67.1
3.1,84.2,60.9,7.2,65.8
4.4,51.3,61.1,6.7,64.5
7.5,56.1,68.3,6.9,73.0
5.5,63.8,64.9,7.5,60.1
5.4,65.7,56.9,8.5,61.7
3.1,62.7,57.5,6.5,64.5
0.9,72.8,49.2,6.3,50.5
0.7,70.5,90.1,4.4,60.3
5.6,75.9,74.2,8.4,73.9
3.3,52.4,78.4,4.7,58.2
5.1,71.3,64.3,5.8,67.5
3.9,83.0,42.5,6.4,70.7
2.2,53.7,46.4,6.9,53.1
0.5,100.0,76.1,7.8,68.2
2.8,61.2,56.2,9.2,61.4
1.7,86.3,65.3,5.3,51.3
5.0,70.4,54.5,7.2,58.7
6.9,74.7,77.0,4.3,73.1
5.8,62.6,47.2,7.0,57.6
7.5,51.6,65.1,6.4,74.5
3.2,62.5,57.1,8.1,56.7
0.8,66.9,74.7,6.3,54.2
7.0,55.8,65.5,6.6,68.5
5.2,83.0,74.8,6.0,67.6
5.0,61.0,54.7,6.5,66.7
7.4,67.9,55.8,7.1,70.2
2.9,61.0,56.0,6.3,62.3
8.8,53.3,61.7,6.8,62.6
8.6,70.3,58.4,5.0,70.8
4.8,65.6,86.0,5.7,73.7
7.4,77.8,64.5,5.7,60.1
5.5,73.5,64.7,6.5,72.6
4.6,78.0,87.7,6.3,80.1
5.4,71.5,89.6,6.3,87.3
5.8,79.8,94.4,6.9,80.4
6.2,73.3,76.2,5.9,74.4
4.0,81.3,58.8,9.7,67.8
3.2,65.6,45.9,4.1,56.0
5.6,78.0,75.5,5.1,71.2
0.5,59.3,77.6,6.7,57.6
6.4,79.0,67.0,7.1,83.7
5.9,72.6,42.2,5.3,51.1
6.4,60.4,53.8,6.0,59.0
4.8,82.0,55.8,6.8,69.4
8.3,63.9,84.4,6.8,81.4
4.9,62.3,98.0,5.4,83.2
8.2,93.8,90.3,6.3,92.3
5.5,90.7,39.9,6.3,73.9
4.3,72.7,50.4,7.8,63.7
6.9,67.6,43.2,6.7,68.1
3.3,67.3,49.3,8.0,59.6
6.7,84.6,75.4,7.1,77.4
4.2,63.6,65.0,6.5,60.9
4.8,57.6,35.6,5.2,49.7
9.2,86.6,93.5,6.9,98.4
0.5,60.6,54.1,8.5,57.0
3.2,65.7,56.7,7.5,68.1
3.9,71.0,38.9,7.1,60.2
4.5,68.3,62.2,8.3,69.8
4.2,55.2,68.3,8.2,65.7
7.5,92.7,74.9,6.7,84.7
3.6,62.7,30.0,7.5,49.9
2.8,47.9,60.2,7.6,66.2
7.1,73.7,63.5,5.6,70.6
5.1,78.7,53.9,7.4,64.9
3.0,96.6,75.6,6.6,79.7
0.5,65.1,76.8,8.8,63.2
7.9,58.8,38.9,8.4,65.8
4.7,70.6,62.4,8.5,63.6
4.7,80.3,52.9,8.8,63.2
5.0,58.8,64.2,5.1,58.9
6.1,75.1,43.5,4.6,65.2
4.2,75.5,98.0,10.0,72.0
8.0,72.2,65.3,7.0,74.0
2.5,63.8,50.7,7.1,53.7
3.5,81.7,42.6,5.4,56.7
5.8,49.2,66.0,5.5,72.0
3.5,66.4,72.9,6.9,72.7
5.1,67.3,64.6,6.2,66.6
5.0,77.0,33.7,6.0,68.4
6.9,57.8,66.3,7.2,73.1
4.3,74.4,58.6,7.7,57.6
3.2,89.7,58.5,6.2,66.4
4.1,45.0,46.8,7.2,53.0
7.2,70.2,62.8,6.4,69.8
8.0,76.3,60.8,5.7,70.7
5.1,58.9,70.1,5.1,54.6
5.6,66.2,70.5,6.9,67.3
8.0,55.1,64.3,4.8,59.9
4.0,74.5,49.4,6.3,66.9
2.8,76.3,65.4,5.2,63.8
4.7,76.8,60.2,7.3,61.5
7.1,72.3,93.3,5.6,82.2
3.8,72.5,45.5,7.0,64.5
5.6,59.0,46.5,9.6,55.9
9.5,70.0,73.9,4.1,68.5
5.2,45.0,40.6,7.2,51.2
4.4,100.0,63.4,7.7,74.9
4.2,67.8,69.4,9.4,73.6
4.2,45.0,67.1,10.0,55.2
5.8,89.8,81.5,5.8,69.6
5.6,61.8,75.3,5.3,67.8
2.6,73.3,65.5,8.6,62.1
4.6,64.9,39.9,7.2,65.2
2.5,68.0,61.5,8.1,63.5
8.1,46.2,58.7,4.9,53.4
1.8,56.4,70.4,4.2,55.2
2.6,100.0,56.8,5.8,65.8
6.4,64.9,68.6,5.5,62.3
3.3,45.0,38.0,6.6,43.6
4.6,87.5,83.7,4.7,73.2
3.3,60.8,56.0,6.2,56.5
5.6,71.1,55.5,5.7,72.5
5.5,48.4,50.3,5.9,58.1
5.8,81.5,30.0,4.9,47.2
3.7,64.9,90.1,4.1,64.2
1.9,78.1,61.6,5.0,61.1
7.7,53.4,80.1,6.6,82.0
4.6,45.0,63.9,8.4,56.0
0.5,67.0,59.2,9.2,46.2
7.9,70.1,72.6,7.1,77.8
0.6,77.6,51.6,7.8,48.4
6.8,74.8,83.8,6.8,73.5
5.1,76.1,52.1,8.5,68.9
4.9,58.3,50.5,4.0,59.0
1.7,85.7,71.6,8.6,81.2
4.6,76.3,45.2,5.0,60.8
7.8,64.7,77.5,4.4,59.1
3.5,70.6,67.0,8.1,71.2
6.6,70.5,77.9,6.2,89.1
4.8,93.4,52.8,5.2,75.7
7.7,80.5,66.9,7.0,76.4
6.8,72.2,79.6,3.9,72.0
6.2,88.4,55.4,7.1,77.5
9.1,87.2,50.0,6.9,85.5
4.9,59.2,56.5,7.6,61.4
3.0,74.9,73.1,7.7,75.9
2.4,84.2,67.6,7.6,63.7
2.6,59.9,48.3,6.3,52.4
1.8,68.0,77.6,8.5,61.8
5.4,75.2,64.1,8.4,74.9
5.2,94.2,52.1,6.8,78.3
10.0,75.4,68.7,5.9,74.9
1.7,83.1,66.7,4.4,55.8
5.6,61.2,40.5,5.7,48.3
1.3,80.5,66.0,8.1,68.9
10.0,86.8,79.3,5.8,85.0
8.2,69.1,58.8,4.8,58.7
4.6,85.3,85.7,8.1,85.2
7.7,74.3,87.5,10.0,84.2
4.2,78.8,65.7,10.0,67.7
7.3,59.4,60.9,7.8,67.1
5.6,53.2,73.6,7.5,79.6
2.8,52.9,53.4,5.3,58.3
8.2,77.3,88.2,6.7,87.6
1.5,65.5,60.0,7.3,57.9
4.9,72.8,76.2,5.9,74.1
5.4,57.9,76.1,7.2,68.4
2.3,71.4,56.2,7.5,56.3
3.4,100.0,80.9,7.7,79.6
6.4,57.2,80.6,5.7,71.7
2.8,77.5,49.5,7.7,59.9
3.3,71.5,63.3,7.3,75.2
8.1,82.3,53.3,5.5,60.1
9.2,64.1,69.5,6.4,72.5
3.4,80.5,47.8,7.1,68.5
4.8,68.4,57.7,7.9,70.0
4.1,70.3,61.7,5.1,63.8
3.9,63.7,93.4,5.9,79.9
3.1,69.1,71.7,7.1,60.4
2.3,80.8,67.2,5.0,71.8
4.5,82.3,55.8,6.8,71.8
3.9,69.6,51.7,5.3,60.2
2.3,67.5,61.1,9.1,64.4
1.5,68.5,79.5,9.5,63.2
7.3,73.3,53.8,6.6,77.8
3.8,59.5,81.2,8.2,56.4
3.9,52.5,62.8,6.6,59.3
9.9,55.6,56.7,8.7,63.2
5.8,68.8,88.7,6.8,77.8
4.2,73.7,79.8,5.3,67.4
1.9,66.5,40.4,6.7,58.4
5.2,72.3,83.0,9.4,79.0
5.8,52.2,60.1,8.0,60.9
4.7,66.3,69.4,3.8,57.1
5.4,64.6,79.5,6.0,75.8
7.9,58.2,61.8,7.8,67.4
6.6,77.6,72.5,4.6,77.1
10.0,64.4,56.5,6.6,71.0
1.4,81.7,31.9,5.7,46.4
5.1,82.5,86.2,7.4,80.6
7.2,71.2,67.1,7.9,78.6
4.7,78.1,59.6,5.6,65.0
4.6,81.1,66.3,5.4,70.6
7.1,72.5,66.7,8.0,72.6
6.4,56.1,55.8,8.7,62.1
6.0,87.1,61.4,7.4,70.2
2.7,60.4,75.2,6.5,62.7
7.0,52.2,61.7,8.2,56.4
7.2,62.5,79.7,6.6,78.0
2.2,84.1,62.2,7.8,73.4
4.1,99.5,75.7,8.2,81.7
4.5,72.7,83.5,8.7,74.5
5.9,60.6,43.8,8.7,60.1
4.4,56.7,84.8,6.6,72.3
4.0,78.5,66.3,7.2,71.7
4.4,66.6,51.1,6.8,62.4
7.8,65.0,66.1,5.1,61.9
2.7,62.5,98.0,8.0,65.3
1.5,95.2,61.5,4.4,51.7
4.1,85.5,78.5,7.9,87.2
0.5,71.1,91.8,5.9,64.1
7.4,67.2,61.1,8.3,71.1
5.5,76.8,81.5,8.1,80.9
4.5,57.4,95.9,6.8,80.7
2.3,72.6,84.0,8.1,76.8
0.9,65.6,35.9,6.1,39.0
2.4,73.2,77.1,8.1,62.6
4.3,61.0,70.0,7.7,71.4
6.1,72.0,85.1,6.3,81.6
1.2,69.8,71.6,7.4,65.1
8.0,53.1,54.8,7.2,65.2
7.5,57.6,47.9,6.8,60.8
8.5,61.4,72.6,8.2,74.3
1.6,45.0,55.6,5.3,46.2
4.3,53.1,60.1,7.7,64.8
1.4,64.2,36.5,8.2,51.4
3.7,58.8,51.5,4.1,50.1
2.5,81.0,60.9,6.2,56.9
6.9,53.6,49.9,5.8,60.8
4.5,53.9,59.3,7.8,55.6
4.2,61.6,77.1,7.7,67.8
5.3,66.3,65.6,3.9,48.5
3.2,83.8,74.2,6.7,76.1
3.3,47.2,75.4,6.6,67.1
2.6,72.2,98.0,7.5,86.9
7.1,59.4,66.6,7.5,66.4
7.7,82.8,70.7,6.5,79.3
6.3,58.2,83.4,5.0,77.6
6.0,84.6,61.1,5.3,79.1
3.8,84.1,88.3,6.6,82.6
5.1,88.7,54.4,3.5,59.8
4.1,68.3,59.8,8.0,72.0
5.0,66.6,69.2,7.0,66.9
8.6,76.8,73.7,8.1,78.8
6.8,60.4,77.3,6.1,68.7
1.2,45.0,69.2,6.8,54.4
3.1,50.2,59.5,7.5,61.1
5.9,83.8,64.8,5.9,73.0
7.0,65.5,44.0,7.6,72.0
4.5,85.5,60.5,8.9,70.9
4.8,89.3,75.6,7.3,88.1
9.7,53.9,63.0,5.7,67.1
3.1,65.3,82.3,7.3,62.5
4.3,72.3,60.7,5.0,71.4
4.5,87.4,66.6,5.9,75.0
8.2,55.4,61.8,5.7,53.9
4.1,66.9,84.9,4.7,78.8
6.6,67.8,45.7,7.3,64.7
4.9,56.5,39.5,6.0,54.6
2.5,83.1,75.2,9.9,72.7
10.0,83.1,65.0,4.4,69.8
5.1,67.1,30.0,6.9,51.5
7.6,69.9,34.3,5.8,59.0
3.7,72.0,41.5,6.0,52.5
2.0,73.7,59.1,6.5,61.0
2.8,89.1,48.5,6.1,57.9
3.5,80.7,92.0,8.4,82.5
3.4,66.4,68.9,7.4,64.8
8.9,58.9,92.3,6.3,85.7
7.2,64.3,77.5,3.2,53.8
4.2,52.9,51.1,7.5,61.8
5.9,62.6,68.6,7.0,76.6
3.3,72.1,76.7,6.2,67.9
6.5,72.5,60.3,6.7,72.0
3.0,64.1,67.1,4.7,54.5
4.6,62.6,72.1,7.6,73.5
7.2,79.5,48.8,5.2,58.3
0.5,70.9,82.9,5.2,58.6
4.7,62.4,47.6,8.9,57.1
8.5,89.6,81.1,6.8,83.6
5.0,83.6,71.9,9.3,79.9
5.9,84.3,73.5,3.6,64.5
4.9,63.0,83.0,5.6,82.6
5.8,63.2,90.2,6.0,82.2
5.9,80.9,72.6,10.0,67.9
1.0,61.4,39.3,5.1,35.5
5.9,56.5,51.2,6.2,59.9
4.7,62.8,78.4,7.5,62.8
5.4,68.9,30.0,9.6,53.3
5.9,69.5,77.3,9.0,63.8
5.7,96.6,71.2,9.0,77.8
0.5,70.3,64.5,5.5,47.3
6.0,82.3,77.3,7.9,80.7
5.5,72.8,83.0,6.6,83.3
2.4,80.8,58.7,5.6,65.8
6.9,64.4,63.7,5.9,68.7
8.9,91.6,86.0,6.1,95.1
0.5,57.0,50.8,9.2,39.6
6.5,58.8,63.1,6.3,60.7
3.3,53.8,71.6,4.3,47.3
1.8,46.8,67.7,7.0,53.2
3.7,96.5,94.9,7.7,91.2
4.8,50.7,56.0,6.8,57.6
2.6,62.0,71.6,7.1,67.4
0.8,78.5,47.4,6.2,51.0
8.9,61.8,55.5,5.3,76.5
6.2,72.1,71.6,10.0,65.4
4.7,58.4,48.2,4.8,52.9
4.9,75.6,90.4,6.2,86.4
9.0,90.3,52.6,6.7,78.4
3.5,85.5,80.5,6.3,70.5
2.2,78.9,71.1,6.4,60.9
3.1,74.6,51.5,6.6,52.7
3.5,69.9,67.8,6.8,69.1
8.7,50.5,52.8,5.6,58.7
2.6,100.0,80.2,7.6,77.2
2.4,60.1,56.9,6.9,49.6
6.2,72.8,79.2,6.2,76.5
4.3,56.7,69.3,5.9,59.7
2.9,81.3,33.4,8.5,61.2
10.0,54.0,45.7,8.5,64.8
6.0,63.0,68.9,5.9,58.7
2.1,67.3,45.2,6.9,48.4
5.3,78.5,53.3,6.9,73.8
4.1,88.4,72.2,6.4,69.8
7.7,80.6,58.6,7.8,66.4
7.3,50.4,81.2,6.2,77.8
1.4,81.1,45.0,6.1,49.2
8.4,67.2,38.7,9.9,60.0
6.4,75.3,81.8,6.3,82.1
5.0,64.3,73.1,6.9,76.6
8.9,67.0,49.0,7.9,77.1
7.2,73.9,65.4,8.7,64.3
4.0,82.8,45.3,6.1,55.9
9.4,51.9,56.7,6.3,67.5
7.3,82.9,73.8,8.1,79.0
3.8,78.6,60.5,7.0,71.0
6.8,50.4,76.8,6.4,75.7
8.2,91.0,76.7,8.3,91.9
7.0,71.0,69.4,7.7,75.0
3.2,70.5,71.1,8.7,68.7
4.4,55.1,95.7,7.0,83.8
2.6,74.6,71.0,5.5,67.5
5.7,60.5,44.5,5.6,66.2
3.3,53.9,83.4,4.0,54.5
6.2,66.8,76.5,4.8,75.0
4.6,68.9,56.7,5.3,55.7
7.6,77.0,79.5,7.0,84.4
4.4,62.9,39.1,9.5,56.5
3.9,80.6,88.0,7.2,82.7
4.3,63.3,50.9,9.1,47.5
2.3,61.5,83.1,8.5,72.4
9.9,82.4,83.8,7.0,90.2
3.4,85.7,70.1,6.2,71.1
0.5,66.9,33.4,7.1,47.4
1.6,89.1,57.8,8.5,68.1
4.3,98.7,39.3,5.9,57.7
5.2,68.0,61.7,6.6,71.8
4.6,45.9,59.2,3.9,50.2
7.6,69.8,50.3,5.4,67.5
4.1,90.1,58.5,5.9,74.0
3.8,58.9,58.5,6.9,69.1
5.8,65.9,36.0,7.1,66.0
6.3,67.6,63.9,6.9,69.6
3.8,63.3,72.7,6.3,75.6
4.4,69.5,30.0,4.8,49.9
0.5,78.1,72.1,8.8,57.1
3.3,80.4,75.3,7.9,72.4
2.7,79.4,33.9,5.9,50.8
6.3,69.9,69.1,5.1,65.5
4.7,92.5,63.3,8.4,76.2
4.5,66.0,57.7,7.8,72.9
3.0,85.1,70.4,6.5,68.4
6.7,66.4,69.7,5.5,71.6
9.9,46.8,75.3,5.9,58.9
4.9,70.8,67.4,8.3,75.3
4.9,76.1,69.5,9.3,63.3
6.8,71.1,67.1,5.6,62.7
8.3,73.7,67.4,4.8,75.4
2.8,70.4,98.0,6.5,78.9
8.6,64.2,73.5,5.0,60.1
4.9,45.2,81.6,10.0,63.9
4.6,66.8,48.2,7.2,65.4
5.2,87.9,49.4,7.9,66.9
6.0,69.8,84.3,5.6,72.2
3.3,66.2,75.3,6.2,72.5
4.8,67.2,55.6,4.5,49.5
7.4,61.9,70.0,7.9,78.6
7.0,73.1,92.3,5.9,98.2
6.4,74.6,94.8,8.6,86.1
5.0,79.0,55.2,7.2,64.9
6.5,69.0,39.2,6.5,69.4
4.6,55.8,54.4,6.9,65.0
9.1,84.7,53.4,6.3,83.3
7.0,80.5,49.2,7.8,71.0
2.9,57.0,30.0,5.7,45.1
2.5,59.2,58.7,6.1,63.3
3.8,62.3,55.1,7.4,64.1
7.5,77.0,30.0,5.3,49.5
5.4,59.9,58.2,4.4,50.8
8.2,62.3,88.1,7.0,73.5
4.2,70.0,74.5,7.3,75.7
6.1,85.7,75.6,5.0,74.4
10.0,83.6,98.0,8.1,97.8
1.3,70.2,69.5,7.0,69.3
6.7,73.6,56.0,5.6,65.5
1.9,57.8,49.7,5.8,58.0
3.6,69.5,51.3,8.5,68.1
4.8,75.6,78.0,5.5,84.5
7.1,76.3,53.6,6.0,72.0
4.2,92.5,76.5,5.3,74.1
4.2,71.2,68.1,4.5,65.4
6.9,80.0,94.6,7.5,91.2
4.6,76.8,79.0,6.0,74.6
5.8,66.9,69.7,7.5,77.9
2.5,73.8,84.2,6.6,73.7
4.8,82.5,37.5,7.5,70.3
4.6,75.5,55.5,6.8,63.0
7.0,69.2,90.0,4.3,78.4
4.8,73.5,80.8,7.5,90.8
2.5,75.4,38.6,7.0,53.8
2.4,68.9,58.6,8.3,51.0
2.6,67.3,73.1,7.3,59.1
6.0,53.0,65.6,5.6,62.0
5.0,61.4,69.4,5.0,67.8
5.7,100.0,91.5,7.9,87.5
4.4,82.7,87.5,8.6,80.6
2.5,74.7,58.1,8.3,57.2
6.4,56.7,49.2,6.0,53.1
2.2,68.3,55.9,5.5,67.8
3.9,64.2,52.1,6.5,63.7
2.6,68.5,79.2,8.7,68.9
5.9,46.9,91.0,9.4,71.1
3.7,73.0,61.6,6.6,65.0
5.8,83.3,55.6,7.2,77.1
3.6,60.1,61.0,7.0,56.9
9.5,62.7,57.5,3.0,50.3
7.2,75.3,90.9,6.8,85.0
2.6,67.4,31.4,6.0,45.4
6.0,100.0,91.2,6.2,88.4
4.6,92.4,72.0,3.9,72.2
5.7,53.2,79.8,7.5,72.6
3.9,80.4,53.1,5.1,50.2
5.6,80.2,83.9,6.3,79.0
0.5,62.4,48.9,6.0,44.2
6.9,70.9,74.1,8.5,83.5
3.0,71.2,72.1,8.0,78.6
1.7,93.8,70.1,5.5,73.5
5.0,86.4,69.0,5.9,74.2
6.7,53.0,42.0,7.9,60.7
1.8,61.8,39.2,8.5,45.1
3.3,67.9,48.7,8.9,53.6
4.5,45.0,44.0,6.3,43.8
5.3,80.7,82.8,8.7,84.6
6.6,55.7,52.7,7.3,64.9
3.1,75.4,52.3,6.9,70.5
2.5,49.6,55.1,8.3,55.0
6.0,63.6,63.1,5.7,68.8
3.4,57.6,54.0,6.5,57.5
3.3,45.0,68.5,6.5,67.9
8.0,69.5,48.8,4.8,61.5
3.0,62.1,53.0,6.0,71.8
6.3,85.1,77.7,4.7,78.7
7.4,62.2,81.1,7.5,89.7
4.1,55.9,58.7,8.9,50.0
3.4,66.4,34.0,7.0,58.1
9.3,46.3,56.7,5.1,52.4
5.2,67.9,81.6,7.6,83.4
0.5,87.5,60.0,8.0,55.7
3.9,74.8,85.6,7.9,83.5
4.1,59.1,74.6,7.0,69.1
6.0,47.5,76.2,6.5,64.6
0.5,65.8,53.9,6.1,44.4
4.7,61.5,73.0,9.0,74.3
6.5,66.0,78.5,6.5,76.0
8.4,63.8,71.1,6.3,79.4
2.3,85.7,86.8,7.6,83.3
3.8,58.6,78.4,8.3,65.5
4.8,88.2,60.5,6.1,67.7
4.6,54.8,70.0,7.4,74.3
7.8,62.9,75.0,6.2,69.4
5.3,86.9,62.4,7.0,84.5
1.0,51.4,43.5,7.5,45.7
4.6,76.4,88.1,7.0,82.1
5.6,98.8,39.9,7.2,74.0
3.8,69.9,75.6,7.8,74.8
5.4,85.2,52.9,7.9,78.9
6.8,73.9,65.3,5.8,73.2
10.0,58.8,66.9,4.4,57.2
3.1,81.5,84.7,7.8,86.6
1.2,100.0,64.5,7.9,76.2
4.6,69.6,78.4,7.6,80.0
2.9,83.8,74.0,6.7,68.6
5.1,81.3,59.2,10.0,67.7
3.6,71.4,65.9,6.9,74.5
3.0,60.7,66.7,6.4,63.4
4.7,56.6,82.9,7.2,63.2
3.0,60.0,52.5,7.2,56.9
8.6,73.9,56.7,8.6,63.2
5.5,69.2,73.7,6.4,74.8
3.1,63.4,67.3,6.4,65.5
4.1,81.6,74.0,7.4,81.7
4.9,71.9,82.5,7.2,72.1
6.4,78.5,62.1,6.4,75.1
4.6,76.6,52.6,6.6,64.2
6.4,64.5,64.1,6.3,78.8
5.6,62.6,87.0,6.1,75.2
6.4,70.8,95.0,7.5,83.3
2.8,53.6,52.2,3.3,40.8
2.5,76.4,95.8,6.2,75.8
6.5,78.0,49.7,5.3,69.3
10.0,96.3,87.9,5.1,96.9
5.6,62.1,59.7,6.2,67.8
7.4,64.2,45.2,6.6,65.0
1.5,85.1,72.1,7.8,68.0
2.4,83.1,67.5,5.7,56.3
4.6,84.7,56.8,5.3,64.0
5.4,53.2,42.7,5.4,59.1
4.4,70.9,63.9,8.0,73.4
4.6,77.5,70.0,7.7,72.7
4.0,66.7,65.0,6.1,68.5
2.6,87.0,84.7,8.7,76.0
5.5,60.5,74.0,7.3,64.3
4.8,87.5,74.1,8.8,77.4
10.0,45.3,77.7,8.2,74.6
1.2,69.0,35.4,7.6,50.2
6.5,81.3,50.9,8.0,71.1
4.0,78.5,43.8,5.2,65.1
10.0,74.2,96.5,6.4,91.4
3.1,88.2,55.5,8.0,65.1
4.0,81.3,58.1,6.5,74.8
4.0,81.3,89.0,6.3,81.7
6.7,58.9,69.8,6.9,62.6
4.6,61.9,51.1,9.5,59.3
4.0,70.8,52.4,7.4,66.8
9.0,72.4,83.1,7.6,83.9
3.8,78.9,98.0,9.1,94.0
4.6,63.9,64.5,7.9,74.7
8.5,72.5,73.6,6.1,85.1
4.7,74.5,60.7,6.9,67.4
3.8,64.2,85.2,9.8,75.6
0.5,58.0,30.0,5.8,26.4
5.1,56.0,62.9,4.9,59.9
8.0,87.1,58.8,7.6,77.2
2.5,55.8,94.8,6.9,85.0
1.8,67.3,62.0,8.2,65.3
3.7,64.2,76.8,5.3,67.3
3.7,53.4,48.8,6.4,51.9
4.5,72.0,72.0,7.2,67.9
1.7,72.0,66.6,8.3,58.4
7.1,84.2,66.4,6.7,77.2
3.9,80.2,79.2,6.0,64.3
7.5,69.4,67.3,7.1,83.4
3.6,82.1,54.5,8.0,59.1
4.5,46.7,68.5,7.6,60.9
4.5,77.8,49.2,6.4,64.6
8.2,88.8,98.0,7.1,96.7
3.2,56.6,30.0,4.6,33.8
6.2,65.1,35.3,8.3,60.8
0.8,45.0,50.5,5.4,35.9
5.7,57.5,62.6,6.6,66.5
6.3,58.4,82.1,6.8,74.4
3.2,82.5,78.3,6.8,77.4
5.5,76.4,60.9,9.3,60.9
6.3,58.8,63.2,4.7,63.8
1.6,59.8,55.5,6.4,59.8
8.7,77.5,64.6,6.8,75.9
4.0,64.5,72.0,5.0,69.5
2.6,71.3,59.2,7.6,59.0
6.7,80.2,62.9,6.7,66.1
7.2,95.9,98.0,5.7,90.3
5.4,83.9,56.8,5.9,67.8
8.7,91.7,81.8,7.4,90.5
4.3,68.3,30.0,7.2,54.3
6.0,73.7,45.1,7.7,70.7
5.0,66.4,74.1,7.1,74.0
9.9,80.0,80.0,9.1,86.3
3.1,79.6,30.0,6.0,50.6
1.4,76.3,58.3,5.6,59.3
3.5,79.1,74.3,5.7,68.7
0.6,88.4,68.6,6.7,57.0
5.7,77.9,40.2,7.5,69.4
9.7,63.7,57.8,6.0,72.1
0.5,47.8,65.1,6.2,54.4
3.1,82.7,76.8,9.1,67.9
4.7,70.4,68.2,8.7,66.4
3.7,67.2,44.8,10.0,56.7
0.7,56.4,58.9,5.7,49.1
5.9,86.7,86.4,6.4,86.7
4.4,89.5,57.2,6.9,60.1
2.6,79.6,62.1,6.0,69.4
3.4,79.4,42.9,6.5,53.9
6.8,100.0,70.7,5.6,89.2
6.7,85.8,60.2,3.0,53.3
3.0,73.9,79.2,6.2,61.5
6.7,96.3,63.7,9.6,82.9
6.1,96.0,80.4,6.6,90.1
3.8,67.5,86.8,7.2,81.2
9.4,54.7,77.0,5.5,69.9
5.3,100.0,51.5,5.9,77.6
7.1,69.5,76.5,5.6,69.9
8.4,49.6,34.8,8.6,56.8
5.0,71.8,89.9,7.1,81.0
5.3,83.2,61.8,7.9,79.8
2.1,59.2,70.8,7.2,61.8
10.0,70.0,66.3,4.5,57.3
5.8,66.2,70.0,7.6,80.3
5.5,59.9,42.4,7.9,71.0
3.3,71.5,79.3,6.3,69.0
2.3,74.6,74.8,6.4,73.7
5.9,77.6,70.3,9.0,76.6
5.4,58.1,59.2,3.8,51.9
2.9,53.2,61.9,8.1,60.3
5.2,73.9,66.5,8.6,72.8
5.4,86.3,43.1,6.2,59.1
8.6,69.5,70.9,6.0,72.8
5.6,83.1,78.4,7.8,81.6
6.4,84.5,68.5,6.6,86.3
0.5,89.4,30.0,6.2,47.1
2.6,81.7,62.8,7.3,64.9
5.3,69.9,69.4,6.2,69.0
3.8,82.0,69.3,5.9,74.8
3.0,79.9,64.5,4.7,59.2
3.4,67.3,53.5,8.0,59.8
5.5,72.2,67.3,6.9,75.9
4.2,85.0,53.1,5.3,65.7
9.6,76.1,52.2,5.3,69.1
2.5,71.5,38.7,6.2,46.8
5.3,83.7,76.0,5.8,86.6
5.8,45.0,53.7,5.4,61.3
8.0,76.4,59.3,5.0,63.4
3.5,88.3,63.9,6.2,74.2
1.4,70.5,56.3,9.9,45.4
9.1,68.9,60.2,4.7,75.6
3.1,76.7,76.4,7.7,69.3
5.1,61.2,84.0,6.3,69.4
7.9,78.1,76.1,4.3,76.1
9.8,69.5,98.0,5.9,82.8
3.1,81.9,60.4,6.2,70.1
5.5,77.0,65.0,7.5,71.7
7.9,59.4,68.5,5.7,74.0
3.8,71.9,61.5,5.7,54.9
5.1,63.7,49.2,8.3,59.5
5.8,50.7,51.8,8.7,66.3
8.9,79.3,75.6,6.8,88.2
3.4,52.9,60.2,7.0,59.9
8.2,75.3,93.9,6.0,82.9
5.8,58.1,45.1,6.9,65.0
9.8,66.2,67.7,6.2,83.5
6.9,77.6,59.0,7.0,61.1
6.2,84.8,65.3,7.4,68.4
5.7,73.3,54.2,8.5,67.0
3.0,71.1,71.1,4.1,60.8
1.5,63.0,67.6,7.8,59.0
0.5,93.6,73.4,6.1,65.2
9.7,53.6,86.8,6.5,81.2
7.2,64.3,62.0,5.3,65.8
10.0,60.0,59.2,6.8,76.5
9.2,55.5,82.1,3.1,55.4
5.3,75.9,58.1,6.7,69.9
6.3,49.8,50.3,7.7,69.4
4.1,76.5,53.1,8.5,70.8
7.2,66.4,68.2,7.5,71.2
7.9,63.6,45.1,8.1,59.2
2.2,82.7,47.5,7.7,57.2
8.0,64.4,89.3,6.8,85.5
3.9,45.0,35.4,7.3,41.9
5.9,74.3,48.7,6.7,70.8
8.3,63.1,47.4,6.6,66.9
7.4,58.2,98.0,8.8,82.0
3.7,60.1,77.9,7.5,74.8
5.2,91.4,81.8,8.5,82.3
6.3,74.5,78.5,7.4,71.5
1.0,68.7,48.1,8.1,56.5
8.1,57.3,69.9,9.2,72.6
6.3,73.6,72.7,6.6,76.8
2.2,100.0,78.6,6.9,72.5
2.3,66.5,88.9,7.8,82.8
6.1,74.0,75.0,8.7,72.3
2.4,64.3,63.3,6.6,67.4
5.5,79.0,73.5,7.6,73.8
5.5,71.6,60.4,7.3,69.6
6.9,100.0,59.3,7.3,80.2
5.5,67.4,58.2,4.5,51.3
4.3,71.1,55.4,8.9,55.7
5.1,86.6,53.7,8.1,82.4
4.2,67.2,54.6,4.5,53.8
6.6,78.5,78.2,6.3,77.2
6.0,66.9,84.0,7.1,87.7
2.7,56.6,79.6,7.8,66.9
5.3,81.2,58.2,7.0,76.2
3.2,88.0,59.4,7.9,77.8
7.1,62.8,44.3,8.2,62.3
7.4,79.8,54.0,5.1,58.5
4.4,78.1,68.4,7.9,69.6
4.5,60.2,33.3,6.6,46.3
6.4,59.7,37.8,8.4,64.6
5.8,54.3,52.8,7.7,64.5
4.3,55.1,34.8,7.6,56.2
5.2,74.3,67.2,7.9,75.2
5.2,66.9,66.0,7.6,72.1
5.7,87.0,70.7,6.1,83.0
5.3,53.9,44.5,7.6,50.9
3.8,61.9,59.3,8.2,66.7
2.0,63.4,64.7,8.8,62.9
4.6,77.0,54.4,6.6,69.6
5.0,64.2,53.9,6.3,66.9
1.9,65.2,93.0,4.4,63.8
5.1,71.0,55.1,4.9,51.1
4.2,72.3,69.4,4.8,67.9
3.5,76.2,84.1,7.1,69.9
1.4,73.4,80.9,6.6,71.0
2.2,65.9,60.0,7.7,57.1
6.5,60.7,32.7,6.3,65.3
4.8,75.0,71.4,6.9,73.1
2.9,75.7,60.5,5.6,56.4
6.3,81.0,95.7,5.4,87.7
2.8,72.3,63.3,7.2,63.4
1.4,77.1,53.5,7.7,62.5
4.2,58.2,51.8,7.4,59.1
4.0,92.1,71.5,4.8,76.4
3.1,78.5,90.2,6.8,73.4
4.5,55.2,74.6,5.7,66.9
4.9,71.3,59.5,5.7,69.4
9.9,58.0,64.3,6.9,73.7
5.1,95.3,86.2,7.4,85.1
5.4,67.3,62.8,7.4,72.8
3.0,56.0,68.6,6.3,60.5
4.5,58.4,80.8,8.2,70.6
5.7,69.4,71.9,6.6,77.8
5.2,62.2,41.8,7.7,67.1
3.4,86.9,59.1,8.7,73.5
4.6,71.6,51.3,7.8,63.5
4.7,85.7,60.4,8.1,71.8
4.1,65.6,90.0,9.0,73.7
5.1,84.3,89.0,4.6,78.2
8.5,84.2,66.5,5.6,79.8
6.3,84.6,76.5,4.3,72.6
6.8,65.0,47.7,7.1,71.5
0.5,55.2,70.1,7.2,53.2
3.1,47.4,50.3,6.7,56.3
2.8,89.7,67.8,8.1,73.1
7.6,66.3,75.4,7.0,74.7
6.1,67.1,64.8,5.3,67.4
8.1,71.3,70.9,7.5,79.1
6.0,74.0,68.3,4.5,65.5
4.4,82.0,42.7,6.7,68.5
5.0,57.4,71.3,6.6,59.0
4.5,66.2,54.6,5.1,65.4
5.9,70.2,63.5,5.8,72.0
6.2,58.4,59.5,8.8,69.5
1.8,65.8,78.8,8.9,76.6
2.9,69.4,88.1,5.6,63.2
4.7,89.0,63.4,7.4,83.1
9.3,93.5,58.9,6.2,78.3
2.7,67.4,75.5,8.7,74.4
2.3,55.2,67.3,7.1,57.8
6.5,81.5,59.9,8.6,68.7
5.9,78.3,59.9,8.9,73.7
7.9,80.6,92.7,6.1,89.4
6.9,91.4,78.7,6.6,90.3
5.8,48.0,32.1,6.9,54.6
3.2,77.0,66.0,7.7,74.9
5.9,96.9,83.3,7.2,84.2
7.2,66.5,57.0,5.9,68.8
5.5,67.9,65.0,6.4,67.8
3.4,63.2,39.4,6.3,55.5
7.4,74.3,74.9,7.4,79.0
6.1,72.7,58.1,8.6,76.3
6.3,67.6,56.9,8.2,73.9
2.8,54.8,64.0,7.4,62.3
6.1,68.1,48.5,5.3,67.2
3.7,84.2,59.3,5.7,64.7
4.5,65.1,63.6,7.4,66.7
5.8,49.3,64.0,6.8,73.8
6.1,46.2,50.9,7.3,53.8
7.7,85.0,42.1,3.4,49.4
4.4,68.0,90.0,6.6,72.6
0.5,78.8,39.4,7.3,54.0
7.2,55.6,43.2,7.4,57.8
6.0,87.2,83.0,5.7,80.5
7.2,68.4,69.3,4.7,57.2
3.7,64.5,67.7,4.7,60.4
5.1,77.7,64.2,6.8,79.3
0.9,73.5,45.3,5.9,43.3
5.2,71.0,76.7,5.5,71.3
2.6,72.9,53.5,8.7,50.7
3.8,88.3,52.9,5.3,65.8
2.4,58.9,57.9,10.0,51.2
5.8,83.6,36.1,5.9,57.1
1.0,68.6,75.1,9.3,57.9
3.2,88.7,87.4,8.3,78.1
5.3,60.7,37.0,6.4,53.8
3.5,73.9,82.2,7.9,76.9
5.2,69.9,30.0,7.0,61.1
1.4,72.5,54.9,7.5,68.5
3.1,58.6,50.1,7.2,50.8
6.3,81.1,71.3,4.5,76.9
6.1,82.1,79.1,7.1,88.2
7.9,62.9,93.9,6.4,84.2
2.3,63.1,42.0,6.4,45.5
5.1,64.1,58.3,4.9,52.2
7.5,61.2,70.4,6.9,77.8
4.2,69.5,86.2,8.1,80.2
4.5,86.3,62.2,7.0,73.7
7.8,68.8,51.0,7.2,69.6
6.6,73.6,62.6,7.6,72.1
2.9,76.5,69.9,7.2,58.1
6.8,79.0,72.2,6.2,80.3
5.4,90.2,86.4,7.1,90.2
7.5,62.7,42.5,7.9,65.4
3.3,66.0,42.4,7.4,51.7
7.4,45.0,49.6,6.1,59.8
2.2,57.2,65.0,5.7,53.1
9.0,61.3,70.5,7.7,81.5
4.5,87.9,63.2,7.0,75.4
4.2,79.2,75.5,6.3,78.7
1.7,66.9,75.7,6.7,68.9
4.6,59.7,92.1,6.5,84.6
6.2,59.0,64.5,6.3,61.4
5.6,88.8,51.6,7.1,70.8
5.7,74.0,69.4,7.0,80.0
3.7,58.3,65.3,4.4,67.0
4.6,62.0,77.9,6.2,79.9
4.3,68.2,43.7,8.1,59.0
2.3,63.0,38.6,7.1,58.9
3.3,56.5,38.9,6.5,54.8
3.6,74.6,62.4,7.3,72.3
4.9,77.7,54.0,8.4,66.7
4.9,70.4,70.7,7.3,76.1
0.5,84.4,46.3,6.1,51.8
1.0,89.8,71.2,6.3,55.9
8.5,73.3,65.5,6.6,83.3
2.1,66.1,73.8,7.4,57.9
8.0,71.0,84.4,5.9,80.4
4.1,69.9,68.1,7.5,65.2
6.2,82.2,46.9,6.9,78.3
5.3,85.3,61.0,5.6,81.6
6.9,70.8,79.9,6.2,83.8
6.5,52.5,30.0,6.5,53.4
7.2,89.1,44.8,6.4,69.2
7.4,96.1,80.4,9.5,83.8
5.7,53.9,52.7,7.1,61.0
1.9,86.6,77.1,6.2,76.5
7.1,59.4,58.0,5.0,57.6
6.8,63.9,69.9,6.0,80.0
6.6,77.8,63.1,5.9,62.0
6.3,71.7,70.4,6.5,72.9
7.2,56.9,95.1,5.9,75.7
6.2,59.6,60.2,8.6,69.2
6.2,58.4,66.6,9.6,63.8
3.8,62.4,59.4,3.4,50.8
6.4,48.8,52.3,5.4,55.5
2.1,56.4,87.0,7.4,74.8
5.8,71.4,41.4,4.2,57.5
8.0,68.2,78.1,8.0,81.5
4.8,57.3,58.2,7.7,61.6
4.8,80.3,32.0,6.5,63.6
6.4,45.0,87.9,4.9,71.9
3.9,77.9,66.9,4.6,61.7
2.5,83.1,71.1,8.3,67.6
5.5,64.7,70.4,8.1,65.4
10.0,70.7,54.8,5.1,77.8
4.9,73.3,95.1,6.1,82.3
7.9,65.9,43.9,5.8,58.3
5.1,70.7,39.5,7.1,59.1
4.8,75.4,60.6,7.4,71.6
5.8,80.7,81.9,8.9,83.4
1.3,80.2,84.6,8.7,72.1
4.2,73.3,64.2,7.3,66.6
4.5,71.5,84.1,5.8,77.3
2.8,75.1,67.8,4.9,66.0
8.9,61.0,87.3,6.8,83.6
7.1,52.5,59.0,5.7,55.7
1.9,49.6,79.9,7.0,64.4
10.0,67.5,72.3,6.0,74.5
6.1,69.7,53.0,8.4,58.9
6.2,74.8,61.3,6.8,75.7
6.9,86.9,52.9,5.0,63.0
1.9,75.8,49.3,6.6,59.9
2.6,73.0,64.0,7.8,62.4
5.1,72.1,60.1,7.0,65.4
1.9,69.4,60.5,6.4,62.0
7.4,81.0,45.8,5.0,69.1
3.9,74.7,62.8,8.2,70.8
1.5,54.2,52.8,7.2,54.8
2.6,70.0,74.8,6.1,74.1
2.5,70.6,57.7,7.4,59.5
4.2,81.6,80.7,6.8,76.1
5.0,56.5,43.7,7.4,58.4
5.0,80.5,60.5,7.9,62.5
1.2,68.2,30.0,6.7,42.9
5.8,78.4,88.8,8.0,87.0
2.4,81.8,58.1,7.4,57.1
8.7,72.8,68.1,4.4,64.1
5.6,75.9,77.3,5.7,72.8
6.2,72.2,83.7,6.7,74.5
10.0,78.1,79.0,4.9,82.7
6.8,68.9,45.3,4.0,53.6
5.7,60.3,56.6,8.4,64.1
5.1,71.8,68.1,5.6,75.6
3.3,75.4,69.4,6.4,68.6
3.2,46.3,42.0,7.7,46.0
3.7,57.9,49.7,6.5,68.8
7.9,84.7,80.8,5.3,72.6
3.5,83.5,48.4,5.4,58.4
5.5,72.7,61.4,5.9,72.4
6.3,66.7,55.4,6.0,63.0
4.3,61.0,73.9,7.7,81.5
6.3,77.0,74.1,5.4,76.1
5.2,73.8,64.6,7.5,70.6
4.3,55.4,65.9,8.8,65.3
2.0,92.7,64.7,5.6,76.6
2.4,67.2,65.7,7.6,67.0
3.9,65.9,48.6,7.3,54.1
4.6,83.8,83.8,6.7,81.0
4.2,62.9,53.3,9.1,64.8
2.8,76.5,79.0,6.9,78.9
9.7,74.8,46.1,7.7,80.1
3.5,82.1,68.3,8.0,76.1
3.9,86.4,69.3,6.8,75.6
0.9,70.4,49.6,8.4,52.5
4.3,58.8,57.2,7.9,65.4
6.2,58.3,54.4,5.9,62.9
6.9,74.0,66.9,5.1,60.6
9.3,90.3,56.5,8.7,78.6
3.1,45.0,38.3,6.7,54.0
3.3,74.7,78.0,5.8,72.7
2.9,76.3,75.5,7.8,74.7
6.2,58.2,48.9,6.5,70.4
5.1,65.3,72.5,7.1,68.6
6.6,76.4,51.3,7.5,78.4
2.9,88.9,56.9,5.7,55.9
6.0,63.0,58.3,7.2,61.1
1.0,64.7,59.1,5.7,48.3
6.9,75.5,86.5,4.8,85.0
3.8,48.9,84.5,7.6,73.3
3.5,64.8,54.8,7.1,68.0
3.0,80.3,53.4,5.9,67.0
2.4,82.3,78.8,6.4,77.8
6.0,57.2,65.6,5.9,76.6
8.5,80.7,88.2,6.6,91.5
4.9,76.3,87.2,4.8,74.8
6.4,83.2,77.4,6.1,70.1
4.2,65.2,57.6,7.8,75.3
4.5,67.7,66.9,7.2,65.1
5.5,75.7,66.8,7.5,76.8
3.0,73.7,38.4,5.6,46.9
1.4,68.3,71.5,7.6,55.7
7.0,73.2,67.1,9.0,66.8
5.9,66.6,64.2,7.1,69.1
7.0,55.6,58.4,7.3,72.2
2.5,61.4,60.3,7.5,54.6
6.2,58.5,92.7,8.9,82.6
2.0,58.8,67.6,8.0,69.0
0.5,55.3,58.4,5.7,46.1
6.2,81.7,89.0,6.3,83.8
0.8,75.6,86.1,6.1,62.9
4.6,75.5,56.8,6.9,75.2
3.3,90.8,54.6,7.1,67.7
6.0,75.6,66.9,5.9,66.7
7.2,69.1,98.0,4.6,75.7
0.5,75.4,63.1,7.2,51.6
3.2,58.3,69.9,6.6,58.7
0.8,54.6,57.9,8.3,43.2
3.6,78.6,62.3,5.9,68.4
5.0,58.5,81.8,4.7,65.2
4.0,59.8,65.5,5.2,61.2
3.9,59.2,80.8,7.7,78.4
5.2,64.6,42.6,6.8,46.0
5.4,89.4,72.5,5.6,74.9
6.9,84.9,91.5,7.2,88.2
6.1,68.6,62.0,8.8,76.0
6.2,69.5,43.7,7.6,60.5
3.3,59.6,98.0,7.3,89.1
7.1,64.9,52.5,6.7,65.3
7.4,74.5,73.5,8.3,81.4
6.2,73.2,69.4,6.9,75.6
2.0,90.9,82.9,7.0,73.8
6.4,74.1,60.3,6.6,61.6
0.5,78.6,50.5,8.5,55.6
0.9,70.6,84.7,7.6,74.5
5.5,64.1,78.9,6.2,69.8
3.3,57.8,79.3,5.6,57.6
4.6,84.3,67.2,5.0,74.8
4.5,66.0,90.3,7.7,87.9
6.2,52.8,57.2,7.9,64.3
6.0,80.7,56.6,5.9,70.5
4.0,75.2,44.7,6.4,60.7
6.3,80.8,65.6,6.6,80.5
4.8,65.8,71.0,6.8,74.0
9.2,64.5,59.5,7.6,69.8
6.0,72.7,73.6,7.0,83.6
7.4,70.0,70.2,6.9,77.8
5.1,69.6,69.7,6.2,67.3
2.8,51.0,50.0,6.8,53.4
8.4,45.0,60.9,7.9,69.4
9.7,62.6,93.6,5.0,80.8
5.5,67.3,45.9,6.7,66.2
3.8,64.0,66.5,8.1,63.0
1.6,86.7,78.7,8.5,83.7
7.4,77.8,68.8,6.3,78.9
5.7,68.7,45.3,7.6,69.4
8.9,61.9,53.4,6.2,69.7
8.6,60.0,64.0,5.8,61.0
3.4,45.0,58.2,5.7,57.1
7.9,79.1,54.9,7.6,73.4
4.7,52.0,67.1,5.9,66.9
1.3,80.9,98.0,6.5,78.1
5.6,61.4,66.3,5.3,60.2
6.4,59.3,74.7,5.0,78.2
5.5,65.6,53.4,6.2,64.7
6.9,82.8,73.6,6.5,80.4
3.6,86.3,98.0,7.1,85.8
4.1,54.9,63.0,9.4,63.2
6.7,79.4,30.0,6.3,64.9
8.0,62.4,52.1,6.2,56.6
7.6,68.9,64.1,6.6,71.8
3.7,73.8,80.7,8.5,75.9
2.6,72.1,65.0,6.3,64.8
5.4,84.8,62.1,8.0,75.0
5.3,77.1,80.8,6.9,74.9
4.0,70.7,72.6,8.4,64.5
5.6,81.4,58.7,6.9,73.9
4.3,52.2,67.7,9.1,58.8
4.7,62.8,60.2,6.2,67.2
2.7,79.7,68.0,6.6,67.9
7.2,61.5,71.8,8.2,69.0
10.0,62.5,57.6,5.7,76.5
3.1,55.3,46.0,5.9,50.1
7.3,58.6,54.4,8.2,71.7
4.1,72.3,72.9,5.8,72.2
7.2,55.4,47.4,9.1,62.5
2.4,69.5,81.6,7.8,74.5
7.1,67.3,66.1,5.4,62.6
2.3,68.8,49.9,6.1,52.0
5.1,51.6,61.1,8.6,63.2
7.2,89.5,88.1,6.8,90.3
1.1,67.0,76.5,7.6,57.7
4.5,67.8,50.6,5.2,59.0
8.1,58.6,79.5,4.5,78.8
0.7,70.8,58.8,6.9,56.9
2.9,63.0,63.7,8.5,62.6
4.5,67.1,88.1,8.1,69.4
2.1,80.4,46.8,4.6,62.2
4.7,69.1,44.1,3.3,44.2
7.1,75.3,71.7,6.2,81.6
1.9,51.5,54.7,5.1,53.3
4.0,69.9,42.3,6.9,66.2
5.0,76.4,58.4,6.8,82.2
6.0,82.2,43.4,6.2,75.1
1.8,59.6,37.3,7.5,41.6
4.1,68.7,71.5,7.5,69.7
3.6,100.0,48.7,4.1,55.6
5.3,77.1,46.0,7.5,63.7
4.7,64.9,60.8,8.1,68.4
7.1,77.1,72.5,7.1,81.9
3.5,64.7,82.8,5.5,70.5
4.2,71.4,37.2,8.5,53.4
8.0,83.0,62.0,5.7,73.5
4.5,75.1,69.4,8.7,61.7
5.9,74.4,58.7,8.6,76.7
3.3,85.0,60.7,8.2,79.6
4.6,74.0,83.2,5.0,75.2
2.0,58.0,48.3,6.4,51.5
7.4,63.4,69.1,6.4,69.4
5.8,94.1,68.4,6.4,72.0
4.1,72.3,61.7,4.8,57.2
3.5,90.5,86.8,7.9,76.6
7.5,76.1,86.1,4.4,77.7
7.0,80.2,64.9,6.8,74.0
3.3,71.0,76.7,5.8,61.6
5.2,82.1,57.3,6.3,75.0
4.4,69.3,52.5,8.0,55.1
4.2,48.4,52.2,8.6,53.0
7.2,79.3,57.3,6.6,77.6
9.4,84.1,48.8,7.0,64.4
3.9,76.1,56.6,8.7,69.0
2.8,68.8,54.4,6.8,57.4
2.2,98.0,82.6,4.5,71.0
6.2,67.1,42.2,8.8,62.3
5.0,45.8,62.1,7.1,65.2
1.5,63.2,54.4,4.0,38.2
3.4,70.5,41.4,6.3,50.8
2.1,82.8,30.0,6.5,44.2
3.5,73.9,79.6,6.5,83.2
2.9,67.7,63.9,4.5,56.1
0.5,83.9,69.9,5.5,56.9
4.7,68.3,64.9,7.5,64.7
4.6,77.3,79.0,9.1,84.5
8.8,45.0,79.0,7.5,86.2
7.3,91.7,83.6,8.4,95.0
4.4,51.6,68.2,7.5,65.4
3.0,47.6,46.3,8.1,59.7
5.1,84.8,78.7,4.7,72.1
5.0,63.5,61.1,7.6,71.9
3.9,46.5,60.8,7.1,65.7
5.5,74.9,56.5,7.0,74.6
4.8,61.6,55.1,6.2,64.7
4.6,71.1,54.3,7.3,63.2
5.3,70.4,59.9,6.9,78.6
1.2,67.0,50.1,7.5,47.4
5.5,64.9,60.8,6.2,63.7
4.2,76.6,86.5,6.7,88.7
3.4,61.2,61.5,6.3,58.5
2.8,53.6,45.8,7.8,50.3
7.8,84.8,61.9,6.2,74.3
4.3,76.4,52.0,6.5,60.6
1.9,72.1,53.5,8.3,55.3
4.9,53.6,62.8,6.6,63.4
3.7,75.4,87.1,6.1,80.5
6.9,76.3,84.5,7.5,92.4
6.6,73.6,35.8,5.0,52.3
3.7,59.3,52.2,7.3,63.9
3.5,62.4,81.2,8.7,74.1
5.0,75.9,66.2,7.7,71.3
3.6,52.5,69.0,6.1,60.0
1.4,61.5,51.1,7.7,52.3
5.2,56.1,39.4,6.3,50.9
1.8,74.0,63.9,7.7,59.2
3.8,69.5,64.7,5.7,63.5
9.2,57.3,89.4,6.0,82.4
3.6,58.3,48.7,5.6,52.8
2.3,91.3,58.9,7.1,69.9
3.8,75.8,48.9,3.8,54.4
6.2,54.9,48.2,6.4,65.1
7.1,65.0,83.2,5.7,86.6
6.6,80.8,54.6,7.2,69.2
5.4,45.0,62.7,7.4,63.5
2.7,49.6,30.0,7.4,45.7
2.7,77.2,62.4,7.8,69.2
9.1,68.7,70.7,7.0,74.3
3.8,79.6,68.7,8.4,74.2
3.4,68.3,30.0,7.7,57.2
4.7,90.4,67.9,7.8,82.2
3.7,79.1,63.5,6.5,62.0
7.7,74.4,68.6,7.6,77.0
7.1,72.5,47.3,7.7,74.0
3.3,63.9,61.8,6.9,63.1
4.8,68.9,68.1,6.0,74.4
3.4,68.1,66.1,5.3,69.8
6.8,51.8,73.3,7.9,72.4
2.4,76.2,89.0,7.5,77.9
1.2,75.5,56.0,8.3,52.9
5.7,66.4,50.2,7.1,60.5
4.4,55.3,57.4,8.4,60.8
4.0,89.4,77.9,6.8,91.7
6.3,53.2,86.7,6.8,81.1
3.3,58.2,53.8,6.3,61.7
0.7,59.9,47.3,8.3,54.0
5.9,65.7,60.1,8.8,69.9
2.3,49.0,54.5,7.1,49.6
2.7,63.8,67.9,5.5,69.7
6.5,92.8,78.3,6.2,92.3
4.9,72.6,64.5,3.2,63.2
5.0,75.1,72.4,7.2,72.2
5.6,55.7,74.2,7.6,70.2
3.0,58.9,70.6,7.3,68.7
3.2,72.0,36.9,6.7,47.9
4.8,79.7,52.2,6.5,66.6
5.0,76.4,72.3,8.4,80.5
6.6,71.6,71.2,7.2,82.6
2.9,59.8,78.5,6.1,72.0
5.3,71.2,41.4,8.5,62.1
2.0,55.5,44.9,6.3,48.0
1.7,85.0,47.5,8.7,65.1
6.0,63.7,78.5,5.2,76.6
2.3,64.9,63.9,3.8,44.0
5.0,67.7,81.7,7.9,86.8
1.1,61.3,84.9,10.0,72.7
7.2,55.2,67.8,6.5,69.8
2.7,76.0,78.4,6.6,75.8
7.2,74.3,72.7,6.2,78.9
6.0,59.4,30.0,6.3,50.8
5.9,79.7,49.4,7.9,59.4
4.3,66.3,62.6,6.2,63.8
9.2,49.0,77.7,7.0,76.1
3.8,54.6,78.6,6.8,76.2
3.7,75.3,64.3,7.6,78.6
6.8,71.3,79.9,7.5,83.6
5.1,85.8,81.7,7.8,80.8
4.6,64.7,51.2,4.8,60.8
7.6,97.3,30.0,6.3,68.3
5.5,63.6,69.5,6.7,70.7
5.1,54.6,67.7,7.2,68.0
4.2,83.2,61.8,7.3,79.0
4.8,72.4,63.8,8.6,68.1
3.5,71.6,84.3,7.9,74.3
5.2,45.0,74.3,6.4,60.1
4.7,61.9,56.7,5.2,61.3
7.2,76.4,85.5,8.1,88.9
4.0,68.2,93.1,8.0,83.5
5.3,94.4,76.6,7.5,78.6
5.0,70.8,97.0,6.5,80.1
1.8,62.1,54.1,6.0,64.2
7.8,82.8,76.0,9.0,72.9
3.6,57.6,46.6,6.6,52.9
3.5,70.9,68.3,4.2,53.7
2.3,65.8,56.8,6.4,52.3
3.1,56.8,63.1,5.3,56.3
5.6,78.9,52.0,6.8,64.7
5.4,79.1,70.7,9.0,77.4
6.8,73.7,78.7,5.7,75.6
6.2,74.9,70.2,8.2,68.6
3.1,70.6,50.4,10.0,57.8
3.9,63.6,63.8,7.0,66.4
7.8,65.7,58.1,8.4,72.3
8.0,73.4,44.9,8.3,72.3
6.8,73.8,86.3,5.8,83.5
3.5,65.9,84.9,7.1,73.2
9.0,66.0,74.7,4.7,77.0
5.3,46.7,53.5,6.6,52.3
6.6,66.1,39.8,7.5,62.4
2.0,70.8,72.2,5.2,60.6
6.6,79.9,62.6,7.5,74.4
5.7,71.8,44.3,3.8,47.1
3.0,69.9,54.6,7.0,60.5
3.5,61.0,62.6,5.6,62.6
8.5,62.0,73.6,6.1,84.6
5.7,45.0,55.4,7.2,60.2
3.7,68.1,55.4,6.6,67.2
4.5,77.7,67.8,6.6,66.4
3.6,45.0,59.4,6.9,60.2
0.5,73.6,61.0,6.9,47.0
7.4,65.0,46.9,7.1,66.0
3.8,61.4,64.7,7.6,57.7
7.0,66.7,73.9,8.0,67.8
0.8,58.4,56.3,5.7,61.9
7.0,94.4,74.1,5.7,77.8
3.9,76.6,73.8,5.0,86.9
5.2,65.8,62.9,6.7,69.0
2.8,71.4,84.3,6.8,71.4
5.7,87.3,86.4,5.2,75.3
4.2,74.1,65.2,6.4,66.1
2.6,45.0,64.6,6.2,62.1
5.3,70.3,52.8,8.6,72.1
3.5,64.2,64.1,6.7,62.4
6.5,76.3,73.3,8.4,88.6
4.3,83.5,66.9,8.5,79.2
3.8,73.4,80.1,5.2,70.7
7.2,69.7,88.0,7.8,82.8
2.7,45.0,84.7,5.8,58.7
6.0,74.2,70.0,7.6,70.9
3.2,72.0,46.7,5.0,59.4
5.8,91.8,85.9,7.7,92.3
5.4,81.9,55.4,8.1,72.1
2.1,75.6,84.4,8.9,66.8
8.0,71.7,83.8,8.0,86.7
0.7,76.2,72.6,7.2,57.3
2.4,56.7,67.6,9.1,65.2
4.5,72.2,64.9,7.7,66.6
4.4,69.2,79.9,7.0,72.1
6.1,64.3,69.9,8.4,68.5
4.0,75.2,63.0,7.6,72.6
3.3,65.2,81.2,6.6,66.2
10.0,57.3,73.5,7.9,78.6
10.0,52.3,78.0,5.5,71.1
2.0,71.7,37.2,7.1,49.2
5.2,57.9,48.8,5.3,52.1
6.2,100.0,74.9,5.6,81.8
7.0,65.9,65.5,7.0,78.1
4.5,85.2,60.3,5.7,81.9
3.1,57.0,37.6,10.0,55.1
10.0,69.4,87.4,6.7,90.8
4.5,69.8,67.7,6.7,73.7
8.4,70.4,70.5,3.0,60.4
5.1,85.4,75.8,7.3,85.8
6.0,69.7,87.4,9.0,68.3
7.2,86.0,54.6,7.3,73.1
8.1,60.9,51.8,5.7,62.1
3.6,78.4,53.7,6.9,56.1
1.6,66.5,40.8,9.7,34.9
4.0,68.4,53.0,5.6,54.4
9.0,64.3,50.1,6.5,75.2
0.5,84.5,72.6,6.6,71.4
8.1,89.9,56.4,5.9,70.6
2.0,60.2,49.8,7.6,45.8
1.5,78.9,74.1,9.0,69.2
6.6,62.6,76.2,8.2,75.1
8.1,75.0,95.0,6.9,92.0
2.9,70.7,39.9,5.9,63.0
4.1,57.5,61.8,5.3,67.2
7.8,74.8,54.6,5.9,70.2
6.8,97.0,49.5,6.5,71.1
9.3,65.7,63.3,4.8,66.5
4.8,68.5,64.7,6.8,74.2
0.5,76.4,74.1,7.4,53.8
3.2,89.1,74.7,6.7,73.0
9.2,73.9,83.5,6.9,87.4
1.2,80.0,66.0,7.1,63.6
2.9,69.4,75.9,7.0,64.3
5.7,74.4,36.1,7.5,68.6
4.6,51.3,55.0,6.5,54.5
0.9,62.5,63.8,6.4,49.2
7.5,62.6,68.5,8.7,76.9
8.0,84.6,41.7,6.6,77.6
3.2,46.4,56.7,9.2,44.7
3.9,70.4,65.0,6.4,67.9
5.3,51.7,56.6,8.3,66.2
4.1,53.2,52.9,9.0,59.9
6.1,82.3,75.6,7.0,84.8
6.4,51.8,56.8,8.4,57.4
5.2,92.0,77.3,5.9,81.9
5.8,61.4,56.7,4.8,51.6
5.8,69.8,65.3,9.3,69.9
6.9,59.6,74.0,6.0,73.2
2.1,82.2,63.4,4.0,54.9
7.9,72.9,72.0,7.1,76.6
6.6,61.9,30.1,6.3,55.3
6.5,58.8,71.3,8.9,70.0
0.5,66.7,48.1,7.4,51.4
6.4,71.4,90.1,5.7,79.5
3.9,64.2,42.1,7.4,53.5
4.3,66.2,66.3,7.1,68.7
4.5,70.3,76.4,6.8,70.2
2.9,93.6,59.6,6.6,68.5
5.5,65.5,61.3,4.7,67.5
0.5,56.5,74.5,5.7,52.6
1.7,81.5,98.0,6.1,77.9
4.8,54.8,68.8,6.1,59.2
6.9,79.9,68.9,7.5,76.4
5.5,75.3,75.7,6.1,73.6
5.7,99.4,66.1,6.1,75.7
4.0,95.0,57.6,8.2,71.1
3.8,80.1,68.9,6.2,80.7
7.0,81.7,79.8,7.3,95.6
1.8,77.0,65.7,5.9,56.5
4.5,45.0,84.1,3.1,47.9
5.7,85.5,57.6,5.8,77.4
2.4,70.5,65.3,5.7,57.4
8.4,71.0,65.7,7.0,62.3
3.0,53.2,68.9,5.9,56.6
1.5,69.3,44.4,7.5,65.1
0.5,63.6,45.1,6.6,49.5
7.2,72.5,75.8,10.0,84.0
3.9,51.4,57.2,5.8,59.1
6.5,66.5,47.3,6.6,59.2
4.6,50.1,82.6,6.9,70.9
5.0,77.7,67.7,6.5,71.3
3.4,78.1,55.8,8.1,65.8
3.2,76.2,57.2,7.8,66.7
6.0,75.0,56.1,8.4,75.3
10.0,57.6,72.4,4.4,71.5
4.9,56.9,71.5,6.9,75.9
0.5,65.3,54.3,9.3,42.4
4.9,69.5,69.9,8.1,81.4
5.8,78.4,68.8,8.2,73.7
7.7,85.7,81.1,5.7,80.3
8.6,54.1,68.6,6.4,74.0
3.5,52.8,56.3,7.3,62.0
4.3,74.5,67.4,7.6,80.0
5.9,81.3,75.6,4.9,68.8
6.1,70.9,71.8,9.0,78.0
3.6,74.0,83.9,6.9,72.3
6.6,83.0,88.4,8.4,81.1
5.2,55.6,73.8,6.6,73.1
3.7,86.7,68.4,7.9,75.6
4.2,55.3,40.5,8.4,55.8
9.1,65.7,47.5,6.5,66.5
4.1,80.3,72.4,7.7,73.6
6.3,73.7,75.8,5.8,71.9
5.9,71.2,79.2,6.5,82.9
6.5,67.0,55.9,8.3,65.5
3.3,78.2,94.4,7.5,79.9
5.3,70.5,71.5,5.8,77.0
5.5,54.1,47.7,9.0,55.4
7.0,84.5,75.5,6.3,76.3
6.9,61.9,31.9,5.2,57.2
6.3,69.1,50.7,6.0,65.8
5.4,77.5,58.8,7.0,79.8
5.0,63.2,74.9,6.9,73.0
1.2,79.4,98.0,6.3,65.4
3.0,45.4,60.1,5.0,52.9
4.8,73.6,65.0,5.2,69.5
4.6,79.2,93.8,5.1,75.2
5.7,83.9,71.8,7.9,83.2
5.5,63.2,72.6,5.8,70.4
2.2,90.9,70.0,7.6,81.0
6.5,81.7,76.4,8.5,75.4
0.5,66.8,44.2,8.6,52.9
4.7,64.6,58.5,7.1,66.3
7.2,69.2,73.4,7.2,74.8
5.2,56.7,85.0,8.2,70.9
3.2,77.2,69.6,6.9,69.9
3.2,96.4,56.7,8.3,68.9
6.1,68.8,48.7,8.0,74.0
4.2,78.0,98.0,7.6,84.7
10.0,56.5,78.9,7.4,71.4
7.4,78.2,54.4,5.0,68.0
6.9,64.5,35.8,6.0,50.0
6.4,63.1,67.2,5.6,64.8
4.0,67.5,34.7,5.5,52.6
5.9,69.7,80.4,7.2,72.2
7.1,69.0,95.8,7.7,86.8
2.1,74.3,74.1,6.6,64.7
7.3,53.3,58.1,8.7,70.8
4.0,68.7,84.1,6.0,77.7
7.9,69.6,68.4,7.1,72.6
7.1,76.7,54.8,7.4,82.9
3.6,79.0,89.5,5.3,74.6
6.1,93.6,76.3,8.3,83.3
0.8,81.3,74.3,6.5,70.7
0.5,56.3,69.1,6.5,53.1
5.8,69.7,51.7,7.7,53.8
5.9,63.4,45.3,7.5,64.7
3.3,65.2,59.2,8.0,57.8
5.2,74.4,77.8,6.1,68.7
0.5,64.6,55.3,6.7,55.8
5.3,65.3,73.5,6.2,72.8
6.6,85.1,88.1,6.1,88.9
5.8,63.2,39.7,7.8,63.1
6.3,68.3,69.4,5.6,66.6
1.0,72.2,65.9,7.6,65.1
3.5,98.3,63.8,6.5,73.0
1.9,65.9,63.9,6.3,59.4
8.3,99.2,83.4,5.5,84.5
4.6,91.1,62.6,5.3,68.5
4.8,80.0,76.4,7.9,65.7
3.2,80.6,66.6,5.9,58.3
6.0,64.9,88.8,7.6,89.5
5.3,63.2,62.7,8.6,66.3
2.0,49.4,50.7,8.1,48.8
5.0,60.0,55.9,6.7,61.7
1.9,91.5,85.2,7.4,74.1
4.5,73.2,61.3,7.3,72.8
3.7,62.9,69.4,5.1,57.8
3.0,64.9,94.4,7.4,76.3
6.1,86.5,62.1,6.1,73.1
4.2,79.4,57.5,4.7,61.4
2.4,92.8,41.9,6.8,63.2
5.8,65.9,60.7,8.9,71.9
6.1,60.8,87.2,7.0,81.1
4.5,70.4,85.6,7.7,68.8
2.9,67.9,61.4,8.4,57.3
7.9,73.2,63.0,6.5,80.6
2.8,73.1,75.5,5.1,66.7
6.5,79.8,56.9,6.5,66.1
3.5,58.9,72.7,5.7,63.6
4.4,72.6,82.6,5.0,75.2
4.0,69.7,53.3,8.1,62.5
9.6,75.7,64.1,7.5,79.6
2.9,63.7,65.0,6.3,58.5
8.1,58.6,74.8,7.5,76.9
5.6,63.3,65.0,8.3,65.4
5.3,75.0,42.0,5.5,55.7
4.0,59.4,52.1,6.7,55.7
5.1,65.5,53.6,6.6,70.5
6.3,52.1,72.6,7.6,68.4
4.5,66.7,42.6,5.5,48.0
4.1,67.0,63.7,6.9,60.9
4.1,75.4,58.5,4.8,58.9
5.4,70.8,48.9,4.8,62.6
4.6,86.2,48.3,5.4,57.8
4.9,66.1,70.2,9.1,65.4
5.6,87.2,65.9,4.8,74.2
2.8,84.3,47.6,10.0,65.6
6.4,68.4,53.1,7.8,70.3
4.6,71.3,83.8,6.5,82.2
6.9,74.3,70.5,4.1,69.0
1.7,90.5,68.3,9.0,68.7
6.4,91.2,72.3,7.3,84.6
3.3,68.6,57.7,6.9,50.4
4.4,69.5,71.4,7.3,64.2
5.3,73.1,93.9,5.7,81.7
7.3,85.6,85.8,7.4,87.6
4.0,64.3,43.2,8.4,58.9
4.5,88.0,89.2,4.7,86.1
8.7,56.7,85.4,6.9,82.2
6.9,89.8,89.2,7.3,92.7
2.9,68.4,59.0,6.6,60.2
4.1,70.2,55.5,7.7,56.0
4.3,71.3,63.3,6.8,59.8
6.2,78.6,70.3,8.2,78.8
6.7,73.0,72.2,4.7,65.9
5.2,45.0,88.8,8.5,71.7
4.1,70.6,58.9,7.0,62.6
5.0,89.6,81.6,5.2,76.5
2.7,75.7,62.2,6.0,67.0
2.3,64.7,79.1,10.0,67.4
4.6,79.8,61.0,8.1,72.1
1.8,68.8,66.4,9.5,54.3
2.5,64.4,44.6,6.9,58.0
4.6,82.0,79.9,7.1,82.2
1.3,72.9,38.6,9.7,44.3
3.6,60.3,62.2,10.0,63.2
7.2,84.6,41.8,6.3,70.1
3.2,93.6,64.8,7.2,71.9
2.0,93.1,43.5,7.3,52.1
3.1,74.2,59.0,7.8,63.7
4.1,89.0,82.4,7.1,83.1
5.6,71.6,74.3,6.6,76.3
6.9,80.7,84.5,7.7,85.5
7.9,57.7,69.8,3.0,51.8
6.2,56.2,82.1,5.9,71.7
0.8,74.5,79.2,5.7,68.7
8.8,92.0,71.7,6.0,95.5
3.6,58.5,65.4,4.1,62.5
5.0,61.4,88.9,7.1,72.7
3.8,63.5,38.7,6.5,55.4
5.8,69.6,86.4,7.8,84.2
6.0,69.8,55.8,5.4,71.7
5.9,64.5,86.5,7.7,76.7
1.9,73.0,72.2,7.6,61.1
4.9,64.1,79.1,8.8,75.9
3.4,55.4,48.8,7.5,57.7
5.4,54.1,52.4,6.7,72.4
2.4,91.9,65.5,5.0,60.0
3.6,93.7,82.8,6.4,75.4
4.9,74.5,37.8,7.0,52.8
6.7,67.6,89.6,4.9,76.2
5.4,74.6,69.4,7.6,68.7
5.6,71.8,68.0,7.0,66.5
6.4,45.0,45.2,7.9,61.7
2.8,45.1,69.6,7.2,60.5
5.0,73.9,61.7,7.2,67.0
2.4,67.0,79.7,6.0,65.8
4.9,71.7,79.9,5.4,77.7
8.1,67.3,55.2,7.2,62.3
1.8,65.2,38.5,7.8,50.2
8.9,61.9,67.5,10.0,68.8
4.5,72.0,70.3,5.9,64.5
3.5,72.3,48.0,3.6,50.3
5.8,86.1,64.4,5.0,59.2
6.9,60.9,54.2,6.7,72.5
6.2,78.6,45.1,4.2,65.0
3.1,74.9,66.4,8.7,61.0
3.1,81.7,77.5,9.6,72.9
9.9,53.1,74.8,4.7,72.7
6.4,60.3,50.1,8.1,56.8
3.3,85.0,81.4,9.1,68.4
2.9,74.3,55.6,7.3,64.9
4.4,79.6,62.2,7.3,77.8
2.7,81.2,76.9,7.7,69.2
2.6,66.3,45.8,8.0,60.2
1.2,55.8,36.5,6.4,45.5
7.8,62.4,61.4,3.6,61.4
3.7,67.8,56.8,9.0,55.0
1.5,76.4,65.2,5.8,60.3
4.0,58.2,51.7,7.8,57.3
2.6,60.5,81.2,9.5,61.6
7.0,46.1,45.3,6.3,55.8
4.6,81.8,62.6,10.0,67.8
5.2,82.1,80.9,6.2,82.2
5.5,64.3,72.7,8.5,83.7
3.9,94.3,77.8,7.9,88.8
8.6,62.2,51.6,5.2,53.2
6.4,87.8,87.9,6.7,87.0
5.6,89.6,69.2,9.7,70.7
2.6,65.5,64.7,6.8,65.5
6.2,97.2,72.9,8.3,84.8
6.7,100.0,90.2,5.5,88.7
6.6,76.1,69.2,7.4,77.6
8.9,73.4,55.5,7.7,77.5
4.2,67.9,80.4,6.0,72.3
3.8,83.5,58.7,6.0,78.5
5.9,70.8,58.2,5.4,72.7
3.7,90.1,74.6,7.1,78.6
5.3,53.1,69.0,5.1,64.5
6.2,45.0,33.1,6.1,44.5
7.3,76.8,84.1,6.4,98.9
4.7,89.6,55.9,4.8,69.0
3.1,58.1,69.7,7.0,66.3
3.2,77.4,30.0,5.3,55.2
6.0,84.5,64.6,6.9,76.0
3.3,66.1,72.2,7.8,67.9
4.8,83.1,65.5,7.0,71.2
7.1,75.2,71.5,5.9,70.8
3.2,74.8,76.9,8.7,62.8
9.4,56.6,76.8,4.3,72.7
5.4,65.4,63.8,7.8,64.6
1.0,76.0,52.8,6.2,71.8
3.4,81.6,50.5,7.7,68.5
9.7,70.1,81.9,5.5,80.2
4.4,57.1,68.7,7.2,64.6
8.3,64.9,98.0,7.6,88.7
3.6,58.8,52.0,4.7,46.1
5.9,82.8,42.8,7.9,70.5
3.7,87.9,67.5,7.1,78.8
4.7,100.0,45.2,7.2,78.2
5.6,72.5,78.7,5.0,69.6
7.8,76.5,72.8,6.4,72.6
7.3,89.6,80.9,6.4,90.1
2.8,76.3,98.0,6.2,83.6
5.4,68.4,40.9,8.9,66.2
7.3,46.0,78.0,7.6,74.2
1.9,56.8,39.0,4.4,39.3
4.4,99.7,53.0,8.7,64.1
2.8,70.0,57.0,6.5,60.3
5.8,91.7,61.5,7.5,80.8
4.5,70.4,74.2,7.2,80.0
7.0,69.6,81.9,6.4,80.7
7.8,66.8,57.9,6.7,72.0
4.0,63.0,43.3,5.9,55.3
5.1,70.0,58.6,5.7,63.4
5.6,84.4,66.2,6.1,77.4
6.7,84.8,90.6,7.7,93.8
7.7,79.2,81.1,5.2,68.8
3.9,71.2,67.4,8.1,59.2
1.2,63.0,57.0,8.9,45.8
6.2,79.6,56.2,5.4,72.2
6.0,98.6,69.3,6.7,78.4
7.8,58.4,53.8,6.6,69.8
8.3,45.1,87.7,6.6,79.8
5.8,59.1,52.6,10.0,63.7
4.1,70.5,84.0,6.0,72.2
3.2,56.7,34.2,6.8,49.7
3.8,70.6,70.4,4.4,59.2
6.7,73.4,50.4,8.0,72.9
3.3,63.4,63.0,5.0,64.2
3.1,54.7,62.4,5.9,58.5
0.5,68.2,81.0,6.8,61.9
5.4,62.0,61.6,7.0,67.3
4.1,65.8,71.2,8.8,71.6
6.4,86.6,77.4,8.0,75.1
8.8,68.3,68.1,7.6,74.6
6.1,72.9,70.6,5.5,74.6
3.3,72.9,61.6,6.2,71.7
4.6,55.9,49.2,6.0,51.9
2.8,52.2,66.6,9.7,59.0
6.0,73.3,53.8,8.1,68.1
3.0,47.7,79.6,7.2,67.0
3.4,71.1,51.3,6.6,66.7
2.9,60.1,78.6,6.5,67.6
5.6,81.0,55.1,7.4,64.3
7.2,45.0,82.5,7.9,71.7
5.5,72.1,84.1,7.4,98.0
3.4,81.4,85.2,7.2,74.9
2.8,73.5,77.3,7.1,67.2
5.1,60.0,67.3,8.0,68.3
6.4,71.6,59.1,5.3,68.8
5.5,79.8,84.8,7.8,85.7
1.8,47.4,76.3,8.3,51.5
2.9,66.7,71.0,7.5,68.7
8.8,67.3,96.7,6.9,87.5
5.3,78.6,77.0,7.3,75.9
4.3,77.3,52.6,6.9,67.6
7.9,53.4,69.0,6.7,70.7
6.8,73.8,71.5,7.4,82.1
5.1,83.6,85.3,5.5,89.5
1.1,63.8,61.4,7.4,57.5
3.4,72.0,42.3,10.0,49.8
7.7,58.5,58.5,6.1,63.5
6.6,55.0,75.6,9.1,74.3
9.0,81.9,74.6,8.0,86.6
7.0,61.4,78.6,5.4,71.4
2.9,69.6,30.0,8.4,52.5
7.6,59.5,81.9,9.3,80.4
4.1,73.8,76.9,8.0,66.6
3.3,47.8,58.7,7.8,60.1
0.9,72.2,65.8,6.5,55.5
2.9,75.7,55.1,6.2,50.8
5.1,56.3,60.6,5.8,62.6
6.1,89.7,62.8,4.5,62.9
0.5,59.0,65.8,8.8,56.4
6.1,63.9,72.8,5.9,73.1
1.3,86.1,51.2,8.6,59.3
6.5,70.9,57.7,8.6,71.5
8.7,68.7,51.6,8.2,75.8
7.8,80.2,76.9,6.0,71.1
2.7,60.3,66.0,6.1,74.6
2.4,74.6,67.0,4.6,54.8
6.7,77.2,86.6,7.7,83.7
8.5,65.5,85.8,7.0,74.2
7.3,46.9,53.8,6.6,50.0
1.8,64.4,70.6,9.2,61.6
1.6,64.5,60.6,5.3,61.2
0.5,69.2,57.9,5.3,52.8
8.1,91.9,70.7,6.2,86.8
7.4,93.9,60.3,6.9,81.6
8.9,80.2,86.7,3.6,75.0
8.2,89.9,57.3,6.6,87.3
10.0,74.9,91.7,6.2,89.8
5.4,67.7,78.0,8.8,75.1
3.0,70.6,39.6,8.1,59.2
7.8,84.2,87.1,5.7,87.7
9.5,66.2,94.5,5.6,78.3
7.1,79.3,69.4,5.4,74.6
2.8,50.6,54.7,6.0,56.0
6.1,54.9,82.3,5.3,74.5
6.6,56.0,55.7,6.0,61.6
6.1,76.4,31.7,6.8,52.3
4.4,64.7,83.1,10.0,65.9
6.1,78.4,76.1,7.2,82.3
8.4,70.0,69.1,4.8,74.0
7.7,80.2,77.3,6.5,72.9
3.4,57.9,63.9,5.4,56.3
6.4,45.0,56.1,9.7,60.7
4.0,68.9,62.0,7.1,66.8
1.5,88.3,52.4,7.9,61.5
4.8,78.4,93.5,6.7,84.6
0.7,58.2,47.9,5.8,45.3
4.8,46.9,69.5,7.7,64.0
3.6,63.6,55.5,6.2,61.2
5.0,66.0,98.0,6.9,79.3
4.2,45.0,81.5,8.1,66.1
6.7,73.4,52.7,7.0,65.4
6.8,66.2,71.8,8.7,60.2
10.0,49.4,66.7,5.6,70.8
3.0,60.3,64.5,9.1,65.9
6.2,75.0,94.2,6.5,85.2
3.0,68.7,49.4,7.6,60.1
5.0,90.7,69.3,8.0,90.4
4.7,86.8,84.6,7.3,76.6
5.2,74.4,72.5,8.3,68.6
5.3,84.5,89.5,6.8,87.4
5.8,74.6,87.8,6.9,92.9
8.1,68.8,59.5,6.7,79.3
8.0,65.5,51.3,5.7,61.6
4.2,58.7,68.9,7.1,67.2
3.5,91.4,84.2,7.1,86.0
6.1,82.0,87.7,7.7,88.3
7.9,70.2,51.1,6.3,69.7
5.0,45.0,61.4,7.4,58.4
6.3,56.8,47.7,9.4,66.3
3.1,77.2,44.8,6.2,56.5
5.0,83.1,75.6,6.9,81.7
2.3,85.4,73.5,7.0,66.9
4.9,67.2,64.2,6.0,59.0
3.4,63.7,33.6,6.1,57.7
8.3,85.1,52.1,4.0,61.8
1.7,45.0,59.0,8.0,62.8
5.2,75.9,78.5,9.2,88.2
0.5,45.0,56.2,8.7,43.8
3.4,48.9,67.7,6.6,62.1
3.2,56.7,59.0,8.6,60.2
0.5,60.6,74.2,6.3,51.9
6.6,100.0,70.2,10.0,83.2
8.7,72.8,55.6,8.8,69.5
6.9,53.4,68.8,8.7,69.5
5.7,72.8,55.0,7.0,69.7
6.6,81.6,62.4,5.5,67.2
5.2,78.3,61.2,6.1,72.1
5.6,79.8,60.0,6.5,73.5
6.3,66.1,84.7,6.7,82.1
7.2,69.9,55.2,5.4,56.1
5.9,53.0,45.6,5.0,51.9
4.3,76.4,74.3,7.2,75.9
9.9,67.0,61.6,7.3,90.2
1.9,67.9,57.5,5.9,67.6
2.1,91.9,57.2,5.6,62.5
6.0,80.9,64.0,6.3,73.8
3.0,58.3,60.2,8.3,49.7
3.8,69.5,89.3,8.0,86.2
7.7,78.5,81.8,4.4,70.2
3.9,82.6,51.3,8.1,69.4
7.6,61.0,52.1,5.6,61.1
4.7,64.5,53.3,6.0,56.1
3.3,60.5,69.3,5.8,62.7
3.7,90.2,79.2,9.8,70.1
3.4,63.8,81.3,6.0,69.9
3.1,79.3,73.7,5.7,65.3
2.9,67.2,63.3,7.4,76.8
6.1,63.7,57.4,6.1,69.6
5.5,90.4,54.2,6.1,68.9
2.1,85.3,57.3,6.1,60.5
1.7,66.7,64.8,6.5,59.9
6.8,76.8,55.6,6.6,73.0
6.6,60.1,32.6,6.2,51.4
6.7,96.8,98.0,8.2,89.3
4.2,62.6,53.2,6.4,46.7
8.6,77.4,70.8,5.4,69.8
6.3,61.2,30.0,6.0,65.5
1.9,71.2,61.2,7.4,51.0
8.2,80.3,75.4,5.2,76.7
3.3,76.6,73.5,3.9,62.8
6.6,62.9,62.7,6.7,62.8
9.7,52.1,36.0,7.2,61.8
7.5,66.6,62.3,6.0,70.8
6.5,92.5,59.8,8.4,74.8
5.6,68.6,80.9,9.0,70.3
6.2,75.7,68.0,6.2,86.3
7.3,84.6,45.6,9.1,60.4
0.6,85.9,52.0,4.9,48.6
4.7,89.5,67.9,6.2,77.8
4.7,76.4,72.0,4.5,61.9
4.7,75.4,86.3,8.5,73.9
4.0,71.1,61.6,7.1,66.4
1.7,69.0,44.0,7.2,60.6
4.6,55.3,60.8,5.9,64.6
7.5,90.2,62.8,6.4,83.8
4.1,69.5,59.1,8.0,73.9
7.3,82.9,77.0,7.4,77.8
5.0,95.5,90.5,6.5,90.7
2.4,68.8,73.3,7.4,70.8
4.6,75.8,75.9,8.3,76.3
1.0,66.8,58.0,6.8,59.1
4.5,89.0,70.1,7.6,82.4
3.4,76.7,98.0,8.1,93.1
7.6,79.4,60.2,7.9,77.0
5.8,67.5,54.5,8.1,68.7
6.8,75.8,59.3,7.2,68.9
1.9,81.0,62.3,4.3,64.4
2.8,78.4,72.7,8.0,73.0
4.9,83.5,41.2,6.5,61.9
5.0,72.6,34.8,6.7,65.4
2.7,59.7,44.2,6.6,53.2
3.2,66.8,71.5,9.2,79.2
8.3,61.2,67.1,4.6,61.9
4.2,54.5,54.6,5.9,57.4
4.2,62.6,65.4,6.7,70.8
6.2,79.6,62.8,7.6,82.9
8.5,61.8,48.2,6.1,50.2
0.5,71.2,62.0,8.7,50.9
2.3,68.0,69.9,5.6,57.3
4.2,70.7,81.3,5.8,80.1
6.5,87.5,87.0,7.1,84.8
0.9,61.2,61.3,8.4,50.4
6.6,83.3,82.9,7.6,83.7
6.2,74.7,92.9,6.0,79.1
3.4,73.7,72.2,5.1,59.5
4.6,65.3,82.9,8.9,68.2
8.3,59.1,54.1,9.1,70.5
9.5,64.8,76.8,6.7,85.8
8.6,66.5,63.4,7.2,83.2
3.8,60.4,68.8,7.1,63.2
3.5,81.9,48.4,7.2,65.8
2.4,86.1,56.2,7.3,67.3
6.9,54.3,64.2,7.7,65.2
2.4,76.1,75.6,5.9,75.0
3.2,63.9,69.6,6.3,63.1
7.3,47.2,52.3,7.9,55.1
4.5,59.5,67.0,6.6,64.0
3.8,69.2,95.0,6.0,84.4
7.7,57.1,40.2,6.9,61.9
4.1,77.8,97.0,6.6,77.9
7.9,79.7,83.8,8.1,85.3
2.8,67.3,50.8,7.2,65.1
4.7,71.4,62.5,8.0,65.8
6.5,70.7,32.1,7.4,56.5
5.0,73.4,48.0,6.8,74.3
4.8,89.2,50.8,4.6,62.1
2.0,67.8,79.4,6.8,63.7
2.8,80.4,72.4,6.1,74.6
2.1,55.1,52.1,7.5,55.4
8.2,68.5,54.7,5.3,52.9
3.6,69.7,71.8,7.8,75.0
9.4,57.2,31.9,7.1,63.9
7.1,72.8,82.6,7.6,85.9
3.6,71.3,60.2,7.0,59.6
2.7,64.8,53.1,6.3,56.7
4.1,82.3,71.0,8.7,79.2
5.9,73.0,72.6,8.4,82.6
6.6,73.5,85.0,8.5,79.1
6.9,69.5,60.2,7.9,70.7
2.5,69.6,42.4,5.1,43.1
5.2,87.1,69.9,7.2,85.2
4.5,72.8,41.8,7.7,58.3
8.4,69.8,52.7,7.6,68.8
7.5,46.8,44.9,5.4,50.1
8.7,53.6,84.8,6.1,72.3
5.9,60.8,61.3,6.0,55.6
5.4,53.2,61.7,5.4,58.2
5.6,67.9,67.7,7.8,66.0
5.5,45.0,64.0,6.5,57.2
4.0,84.8,69.7,5.8,73.7
7.3,59.1,45.0,6.7,52.2
6.4,67.9,38.0,4.7,56.8
6.1,95.6,85.0,7.5,83.2
3.6,67.8,96.5,6.7,87.9
7.9,76.5,98.0,6.6,88.1
8.8,65.9,87.2,8.1,86.9
5.2,100.0,92.4,5.9,84.4
8.2,69.7,98.0,5.6,91.7
4.3,54.1,54.5,6.3,61.9
4.3,77.4,64.2,6.1,66.6
1.2,77.3,95.7,6.3,75.3
3.5,86.5,92.7,10.0,78.7
0.5,58.9,83.7,5.2,38.6
3.6,77.3,96.7,7.6,84.5
4.5,85.9,74.3,5.9,81.0
10.0,73.0,77.0,5.7,73.8
6.2,62.8,71.3,5.7,68.5
3.8,69.4,93.4,8.5,73.3
6.9,75.4,54.6,8.3,66.9
3.8,65.7,73.9,8.6,66.7
2.7,72.5,69.2,8.3,70.7
2.7,68.9,35.2,8.4,43.9
5.0,73.5,59.7,8.0,61.2
8.5,80.0,89.8,7.6,90.5
8.1,60.3,45.7,8.3,61.1
3.7,62.2,30.0,6.7,53.0
6.2,83.9,78.1,4.5,73.0
6.5,79.4,98.0,7.2,91.7
4.2,61.9,30.0,8.7,50.9
2.7,71.5,40.3,5.4,47.2
6.2,86.3,73.1,7.6,84.4
0.5,78.6,66.5,7.1,54.6
5.4,70.9,82.4,5.0,79.1
3.4,78.1,74.4,6.0,73.0
0.5,73.7,54.6,6.4,62.6
9.5,73.0,71.6,3.3,58.2
6.8,79.4,59.0,5.6,76.9
2.6,83.6,59.0,6.8,64.0
5.2,66.1,80.8,7.6,79.7
4.3,74.5,78.3,6.5,75.8
5.1,68.8,68.7,5.0,70.3
5.1,82.4,67.7,4.7,67.2
0.5,78.5,62.0,7.1,61.2
3.4,69.4,55.1,6.1,58.9
3.2,76.6,54.3,5.8,71.6
3.6,49.8,79.4,7.3,69.1
6.4,80.5,42.6,7.4,74.9
8.6,76.4,71.8,7.9,77.2
6.3,63.5,74.5,7.4,67.6
4.0,72.9,63.2,7.4,73.3
8.0,72.6,64.5,7.2,77.9
5.4,75.9,50.6,8.6,66.7
6.1,45.5,37.8,6.1,54.2
4.8,68.3,66.7,5.9,68.2
4.1,64.2,56.2,6.7,67.9
8.3,82.0,63.1,7.6,82.6
5.3,81.1,69.9,8.2,79.9
5.1,79.9,59.6,6.8,68.9
7.0,82.3,67.5,7.2,82.7
2.9,71.1,84.1,8.7,70.3
6.0,46.9,54.6,4.7,50.1
3.7,80.0,73.8,6.8,69.8
3.7,72.0,56.8,6.7,56.6
7.1,78.7,82.0,8.4,79.4
10.0,46.5,59.6,6.1,73.2
8.7,79.2,46.4,6.4,65.7
4.9,45.0,62.9,8.1,61.2
6.2,75.7,60.7,4.7,66.4
5.5,58.9,98.0,9.5,84.7
4.8,71.3,57.3,6.0,65.3
3.3,70.7,60.8,5.3,61.0
4.8,74.8,90.7,8.0,81.7
7.1,74.2,93.0,5.7,84.1
4.0,69.9,69.1,6.2,70.3
5.8,69.9,74.4,6.8,76.5
10.0,69.8,62.0,6.7,80.7
8.0,67.8,71.6,6.2,82.4
5.7,57.7,60.0,5.5,65.4
1.5,63.5,47.1,10.0,37.4
7.3,83.7,65.1,7.8,77.6
5.9,84.0,85.3,7.2,84.5
7.6,82.8,51.4,5.5,65.8
5.1,69.3,62.8,8.2,65.3
3.7,82.9,52.3,5.4,60.1
6.9,87.9,60.0,8.2,82.1
4.8,63.9,79.2,5.7,70.5
8.1,73.2,75.3,5.1,75.5
6.3,68.3,46.3,6.5,67.0
5.9,47.9,50.6,9.1,51.6
2.4,73.3,83.3,5.5,70.1
1.2,53.3,58.9,5.9,51.2
5.4,64.0,64.9,8.3,71.3
2.9,80.9,63.2,6.7,66.9
0.5,62.2,46.4,9.5,38.1
6.7,74.0,88.8,6.1,84.7
6.9,79.4,74.8,6.2,77.4
6.9,72.7,41.1,8.8,65.3
7.1,47.9,53.5,4.4,48.4
5.0,68.7,61.6,7.2,55.6
6.6,45.0,65.2,6.0,52.1
7.4,61.3,52.8,6.9,68.8
7.0,71.5,82.7,7.6,75.4
7.5,56.3,87.1,4.7,72.7
5.0,71.6,92.9,7.8,81.2
4.8,76.4,92.3,6.3,77.6
3.7,64.4,55.6,6.1,72.2
6.0,69.4,49.5,7.7,65.7
5.5,74.9,61.4,6.6,62.5
3.4,55.2,58.0,7.0,61.4
7.2,67.6,91.7,7.1,89.1
1.4,59.2,73.6,7.4,58.5
5.1,52.6,50.3,9.0,55.1
2.3,70.1,73.9,8.0,62.0
7.0,66.0,65.3,5.3,71.2
0.5,62.0,52.4,9.7,47.8
3.7,54.8,53.5,7.9,47.7
2.5,90.9,62.9,7.1,82.6
6.3,72.9,74.5,6.3,84.0
4.0,45.6,59.0,5.7,54.1
6.5,83.8,61.1,7.1,76.2
4.9,45.0,49.1,8.0,55.2
4.7,74.4,57.0,9.2,72.4
2.4,81.3,79.4,7.9,76.4
6.2,77.3,74.1,10.0,73.2
7.0,66.5,79.0,7.9,81.2
4.4,63.1,90.0,7.3,82.8
3.6,85.8,67.7,5.5,72.1
4.9,76.3,63.8,6.6,71.0
4.6,66.4,65.4,6.5,72.7
5.4,97.5,67.9,6.2,94.9
6.4,82.8,71.2,7.6,83.2
1.8,71.9,48.5,6.8,51.8
6.2,74.8,70.4,7.2,73.4
7.3,80.5,61.1,5.2,59.9
7.5,80.9,54.1,5.4,68.5
8.7,79.1,92.5,7.7,88.9
5.2,70.0,62.2,8.2,71.8
0.5,49.0,30.0,7.2,36.3
6.6,59.1,69.2,7.7,65.1
8.5,66.7,43.0,8.7,68.5
3.8,79.0,54.1,6.0,52.7
5.2,62.7,66.5,4.0,59.4
5.4,77.8,30.0,6.6,61.8
6.5,68.7,50.3,3.0,46.3
8.2,67.6,64.7,5.1,63.3
3.9,83.8,36.3,6.4,59.5
10.0,75.6,74.5,6.8,82.0
1.5,64.0,56.6,7.1,60.5
8.2,58.9,55.8,4.7,46.9
5.5,48.9,47.7,6.5,55.6
7.1,64.3,82.3,8.7,76.3
7.3,68.8,76.1,4.6,59.2
3.7,58.5,59.1,6.7,65.4
4.1,59.2,58.9,6.0,55.7
3.3,67.2,40.8,8.3,47.4
2.8,90.5,56.9,6.7,61.6
5.0,85.5,44.8,7.2,57.8
7.6,84.7,70.4,7.5,76.3
1.1,78.7,69.7,5.5,66.5
7.0,53.4,78.1,6.8,78.6
6.7,76.3,55.5,6.3,70.7
4.5,88.4,55.3,5.8,65.1
2.1,79.3,66.9,9.4,66.0
5.2,69.9,72.0,6.8,79.2
4.0,79.2,64.9,7.3,67.2
4.7,62.7,83.2,6.6,72.8
8.3,67.8,75.8,5.4,74.1
4.7,73.3,53.4,6.8,72.5
3.1,75.6,55.2,7.1,57.5
8.8,67.5,55.1,6.6,80.7
8.5,65.9,68.3,7.1,73.2
0.8,67.5,72.1,8.2,66.3
5.0,79.2,92.6,8.1,87.6
5.1,73.2,89.6,6.1,83.5
5.8,75.8,41.8,7.6,65.3
4.1,83.9,88.0,6.2,76.8
7.5,59.2,73.3,8.3,70.0
6.9,69.8,62.2,8.8,62.3
1.8,66.1,60.2,6.4,60.8
10.0,50.8,60.8,6.6,71.2
4.3,70.7,48.5,4.5,48.9
6.0,95.1,76.9,8.3,84.9
8.6,82.9,63.7,8.1,74.5
4.4,73.2,64.0,7.5,74.7
4.6,92.5,80.0,5.2,80.8
7.1,68.5,93.3,7.6,86.6
0.5,58.9,65.1,5.6,48.0
4.2,71.2,81.5,5.8,77.6
6.7,85.8,85.4,4.8,79.3
2.2,87.8,94.2,6.9,83.7
5.0,45.0,53.6,6.0,51.6
4.9,67.6,59.7,5.9,63.9
0.5,69.8,38.6,6.6,50.3
7.2,76.2,49.1,3.0,47.6
4.3,63.3,30.0,3.8,45.8
8.3,60.5,69.3,4.2,55.1
5.0,86.4,30.5,7.9,63.2
5.8,72.2,73.6,7.0,73.1
5.2,73.2,64.3,5.0,59.2
6.6,68.8,81.2,5.3,68.0
3.3,65.4,52.3,8.7,60.0
0.5,79.0,92.7,8.4,62.6
9.8,61.2,68.5,8.2,73.0
6.9,72.6,63.1,6.8,68.2
7.5,68.3,54.2,7.2,65.9
7.2,66.8,74.7,10.0,70.4
5.0,62.9,77.0,7.0,72.3
7.0,71.3,98.0,4.2,81.3
0.5,66.2,82.1,6.9,62.9
4.4,95.8,75.9,5.9,73.6
3.9,76.2,68.0,8.0,73.9
4.0,59.3,65.6,3.8,54.7
6.1,72.3,65.4,7.3,73.2
3.7,53.3,65.7,7.1,58.8
5.7,64.0,77.9,7.0,79.7
0.6,80.4,78.5,8.6,74.3
2.9,71.8,57.8,4.5,51.2
2.7,64.5,56.9,6.0,58.4
6.3,74.8,53.4,9.9,70.9
5.7,63.1,68.6,7.3,68.7
4.7,55.0,76.8,7.7,68.7
3.1,67.9,61.9,8.5,58.0
3.0,75.7,69.8,7.1,65.0
4.0,59.5,85.9,5.4,62.6
5.8,80.1,88.9,6.0,88.6
2.8,77.7,52.6,6.2,65.7
2.9,79.1,78.0,6.4,74.3
0.5,84.5,52.3,6.0,51.5
5.7,48.0,30.0,6.9,58.8
6.2,78.7,88.2,6.9,77.3
5.9,68.1,44.1,7.2,58.3
7.3,89.9,79.1,7.9,85.5
6.4,74.2,81.1,7.3,80.9
6.9,67.1,52.1,6.1,71.3
8.3,68.1,76.1,6.0,87.0
3.2,70.8,71.5,6.9,68.3
2.9,64.6,46.1,7.8,63.4
4.3,87.8,46.6,5.7,68.8
4.0,68.0,58.3,5.9,67.0
6.1,52.1,60.7,5.3,54.6
0.5,58.3,82.9,7.8,59.1
5.4,65.7,61.7,6.0,74.9
6.0,72.0,42.9,5.9,56.0
4.0,60.4,80.3,8.2,71.8
3.3,86.9,38.0,6.5,61.6
1.5,94.9,74.4,8.1,77.6
7.0,79.1,62.9,4.9,76.6
4.0,52.9,41.6,9.5,48.0
4.3,87.1,64.5,5.5,68.7
9.7,73.9,85.6,7.3,86.6
3.5,59.9,65.8,10.0,64.7
8.7,64.5,77.9,7.9,91.1
3.1,56.4,92.5,5.7,65.6
9.7,63.9,69.9,8.8,77.3
4.6,92.3,94.3,4.4,79.5
5.0,71.0,55.3,7.1,69.8
3.7,72.2,46.8,7.3,66.2
4.4,63.9,46.6,6.3,63.6
3.2,61.7,54.2,8.4,56.2
5.0,94.7,71.9,8.4,90.0
6.7,72.1,80.4,5.1,71.6
3.0,95.5,55.9,5.9,62.8
7.6,73.0,73.4,7.5,72.3
4.3,84.6,52.9,8.5,67.2
2.6,64.2,50.5,6.3,56.9
5.1,52.1,72.7,6.2,63.5
8.1,63.7,67.0,8.1,81.3
5.0,57.3,57.6,6.8,59.9
3.8,66.9,47.4,7.9,63.3
6.2,57.4,81.5,5.9,66.9
4.1,81.9,58.6,9.0,70.8
5.9,83.0,59.1,5.7,81.3
3.2,70.8,68.9,8.5,70.6
7.0,65.3,74.4,7.9,73.2
1.1,73.8,43.7,7.2,49.9
7.8,68.0,83.3,5.9,82.6
6.3,61.8,95.9,10.0,78.3
5.1,79.6,65.9,4.8,74.0
7.1,60.5,35.0,6.2,53.7
2.6,61.8,78.2,7.4,67.0
5.6,74.8,46.3,6.4,63.2
4.5,85.3,72.1,7.9,80.7
3.3,72.5,78.2,6.4,74.1
7.3,68.3,92.3,6.2,85.1
2.7,82.6,87.7,6.3,84.6
3.2,56.5,67.1,7.9,68.8
6.8,99.7,65.3,6.4,78.3
3.6,71.8,50.4,9.2,67.8
3.7,57.3,74.5,8.6,63.7
5.5,78.2,81.8,6.0,78.9
3.1,82.8,67.8,6.7,71.5
2.3,60.6,74.9,7.9,57.0
2.0,71.0,84.3,6.4,72.7
6.5,69.0,57.0,6.5,63.9
8.6,86.3,60.5,3.8,70.8
3.9,81.7,68.8,4.7,69.9
1.8,51.2,50.9,7.8,51.6
4.3,79.8,76.7,6.9,74.3
5.8,57.9,61.8,8.3,62.1
5.9,74.2,84.2,4.7,64.8
3.6,79.8,67.2,9.2,73.3
10.0,68.3,51.4,4.6,64.9
7.7,77.8,60.2,6.1,80.5
7.4,75.7,98.0,5.9,85.1
7.6,79.2,62.3,6.5,84.8
4.3,83.6,88.0,6.2,77.4
6.8,57.6,79.2,5.3,76.4
7.5,86.0,65.3,8.5,87.8
2.7,56.4,67.2,4.3,46.9
4.6,63.4,66.0,7.6,66.7
2.7,66.8,48.2,6.6,64.1
8.1,90.6,60.9,5.8,68.9
3.9,83.7,64.2,8.2,78.8
6.3,60.1,53.4,7.0,61.3
1.5,68.4,59.7,8.0,55.9
2.7,64.5,30.0,9.2,43.1
3.2,73.6,48.5,6.0,61.8
8.5,50.2,49.4,7.2,62.5
7.1,76.1,64.9,5.7,72.3
5.2,66.6,57.4,7.0,70.7
2.2,53.0,72.3,6.5,70.7
3.6,65.6,52.2,6.3,60.6
3.7,78.6,86.0,10.0,74.3
3.8,85.6,56.3,9.2,62.3
8.3,75.6,86.5,9.0,82.0
3.1,56.0,84.1,6.0,70.7
5.3,68.1,65.5,7.7,74.7
5.3,94.3,81.4,6.3,88.1
6.9,59.3,47.8,6.6,56.2
7.1,67.2,42.7,8.2,64.6
5.3,73.3,95.1,3.6,69.1
3.4,90.7,77.8,7.6,85.1
5.5,45.0,65.2,7.9,58.6
0.5,55.6,61.2,8.3,50.2
4.7,83.9,89.0,6.9,87.5
7.7,76.0,79.5,6.2,76.7
2.3,72.3,64.0,5.3,62.7
4.1,67.1,58.9,9.0,70.4
6.5,60.8,46.4,7.6,62.7
3.5,59.2,47.9,7.4,66.3
4.6,56.1,54.7,8.3,52.6
3.8,71.2,86.8,4.9,75.7
3.0,71.7,62.4,6.6,62.2
1.6,61.7,63.5,10.0,45.7
0.7,49.1,67.7,7.1,53.3
5.0,77.6,83.9,5.8,86.8
5.4,57.1,78.9,7.1,71.3
4.8,81.7,76.6,6.6,86.6
1.7,73.0,79.0,7.4,73.1
3.4,67.8,30.0,6.7,46.3
4.0,86.4,62.8,8.3,68.0
6.0,71.7,76.4,6.9,81.2
5.2,47.7,30.0,4.3,37.4
3.5,59.9,64.2,7.4,69.4
3.1,60.9,50.6,3.9,46.4
3.4,84.3,79.0,5.4,73.7
5.9,73.7,77.4,8.4,74.2
4.5,89.1,61.7,5.4,66.7
2.7,72.2,50.9,7.4,56.3
4.7,68.9,33.1,7.7,52.7
8.1,73.1,53.3,6.5,73.9
7.0,50.8,60.2,7.9,70.2
6.9,76.8,62.3,8.8,79.2
5.4,54.4,66.0,7.3,70.8
10.0,71.9,85.3,4.0,75.8
4.3,45.3,53.0,5.1,50.4
1.7,83.5,65.5,8.2,67.1
2.4,67.1,80.4,5.4,59.1
3.9,88.8,72.2,7.8,69.0
1.9,78.4,67.7,6.7,70.2
5.1,80.8,30.0,7.9,57.3
4.3,72.5,39.2,7.0,65.1
5.6,94.8,76.4,6.0,81.6
1.9,83.1,71.2,7.0,78.6
6.0,80.6,61.4,8.1,69.9
1.4,68.4,52.9,6.6,56.5
6.9,78.8,91.8,8.2,85.1
4.8,98.7,62.5,8.5,83.0
4.9,70.4,42.8,7.4,57.2
4.4,61.8,48.2,8.5,69.0
3.2,83.5,85.9,6.5,80.1
6.4,75.5,55.5,7.5,76.9
3.2,79.2,51.4,5.8,64.3
5.4,78.6,83.2,7.3,82.8
4.5,52.6,48.1,7.1,57.0
6.4,68.9,75.1,6.6,86.8
5.8,98.3,66.2,6.6,76.3
2.6,54.9,43.4,7.5,48.5
4.9,85.8,67.8,9.7,65.9
7.0,63.2,62.7,3.8,47.6
5.5,88.4,63.4,5.2,65.5
3.4,66.3,90.1,8.9,80.5
2.0,61.5,84.1,7.2,70.6
1.3,88.6,70.5,8.1,62.8
3.5,66.2,77.8,6.2,62.2
6.7,60.8,65.6,7.6,80.7
8.2,77.1,70.5,5.7,66.4
10.0,53.4,68.0,8.1,86.6
4.0,76.7,65.9,8.1,64.2
1.1,55.3,30.0,8.9,44.3
6.7,82.3,44.0,4.7,59.9
2.1,77.7,56.3,6.9,58.5
4.0,68.5,72.1,6.7,81.8
6.2,56.6,58.7,6.6,57.7
4.8,70.7,98.0,7.2,94.0
9.1,69.5,39.8,6.6,59.5
7.7,71.1,55.7,6.1,75.1
3.5,49.4,43.5,8.9,50.6
7.5,74.0,69.3,5.8,76.3
3.0,91.9,52.5,5.9,68.6
5.5,74.1,66.2,5.5,79.0
4.1,88.3,78.4,7.5,81.5
5.8,86.5,81.9,4.9,88.4
6.1,63.9,73.3,4.9,74.0
5.1,64.0,42.9,8.3,59.8
5.1,71.1,74.5,7.1,74.2
5.0,57.0,39.7,6.7,54.6
3.8,58.9,60.1,6.6,62.0
2.9,68.7,70.9,5.2,77.4
5.8,61.2,48.1,7.3,65.3
5.0,71.9,58.4,6.6,69.2
5.3,72.1,80.8,8.3,83.4
7.5,52.5,88.8,7.4,74.8
3.3,83.2,68.8,7.6,77.5
5.3,65.9,48.9,5.9,56.3
6.4,79.3,63.0,5.7,76.1
3.9,48.8,52.5,8.5,59.3
4.1,65.0,65.0,7.1,61.4
1.9,66.6,59.8,5.9,59.9
3.0,66.3,65.1,9.0,58.4
5.2,64.7,68.8,7.6,63.5
8.9,84.3,64.9,6.2,80.9
4.3,88.6,98.0,6.2,90.5
5.4,80.8,49.8,7.6,67.3
4.3,86.1,55.6,6.5,69.1
3.8,58.1,67.9,6.2,68.8
0.5,46.9,51.7,5.1,43.0
6.2,76.1,65.2,6.9,74.4
8.4,74.1,80.7,7.3,81.2
7.5,60.2,57.5,6.1,62.9
5.7,69.6,69.8,9.3,76.1
3.9,53.2,65.4,7.9,56.7
5.7,75.0,97.1,6.0,86.9
7.6,93.4,47.6,7.9,67.8
6.4,85.0,68.1,5.5,72.3
8.2,61.7,58.2,4.0,60.2
0.5,55.6,45.6,6.3,51.3
7.3,56.2,69.0,8.3,72.4
7.1,84.4,95.5,5.6,87.4
3.6,76.7,68.3,7.2,66.6
1.1,77.1,32.8,7.1,50.4
5.7,67.3,69.9,7.5,77.4
5.7,76.7,91.0,5.7,84.7
6.4,69.2,75.0,6.4,80.0
5.5,82.8,78.7,5.6,75.0
4.4,100.0,73.9,7.6,79.9
0.5,59.7,50.4,8.8,33.9
3.0,55.3,61.0,8.8,59.5
3.0,60.8,50.5,6.9,58.0
5.5,51.3,93.4,6.5,82.1
5.9,77.9,70.3,5.7,80.9
8.0,82.8,77.0,7.1,89.6
5.1,68.2,70.7,7.0,69.7
5.7,77.2,89.5,7.4,100.0
1.6,57.3,48.0,6.7,51.7
5.2,62.5,58.0,6.3,66.3
7.3,80.6,81.7,8.1,85.9
4.1,60.4,62.6,6.3,67.6
2.6,79.1,70.2,8.9,66.2
10.0,62.3,48.5,5.7,61.7
3.2,67.8,62.1,7.2,70.8
4.3,57.4,69.7,6.3,66.3
5.2,71.2,85.0,9.3,82.0
6.2,94.8,73.6,4.2,79.7
0.8,71.8,41.1,6.4,46.0
7.0,64.1,53.4,5.8,64.6
5.4,65.6,50.5,5.6,53.8
5.0,84.6,72.4,6.4,78.3
0.5,73.0,65.8,5.6,50.5
6.4,72.6,67.3,7.1,68.0
2.7,88.5,86.7,7.4,77.2
9.7,83.0,67.1,7.3,85.4
7.9,71.4,59.9,6.5,68.5
5.1,72.5,40.7,6.2,65.5
4.8,67.4,58.7,6.5,67.5
6.4,58.9,82.3,7.0,77.8
6.3,72.6,78.1,7.7,76.8
4.8,67.7,69.5,6.6,73.4
5.0,74.9,66.2,4.9,67.0
3.7,73.1,66.0,5.4,69.1
4.3,71.4,60.9,7.0,65.4
3.4,73.5,50.5,7.2,64.5
10.0,54.2,56.2,5.6,67.0
4.9,83.8,94.1,6.9,84.5
4.1,78.8,78.2,5.6,67.0
5.8,73.7,79.8,5.8,69.1
7.3,72.7,79.4,6.2,79.0
7.0,80.4,75.7,6.3,84.4
4.2,71.2,81.6,8.7,71.5
1.1,70.7,74.4,8.5,48.5
5.6,71.9,35.2,6.1,59.0
4.8,73.2,30.0,6.9,56.7
1.0,70.8,72.4,9.9,64.8
4.1,63.0,45.7,8.4,46.0
4.2,47.7,57.5,6.4,58.3
6.2,59.6,55.9,7.4,69.0
4.7,62.7,62.3,7.7,54.8
5.3,74.6,70.9,6.8,60.7
4.9,90.5,58.4,6.6,73.8
4.6,78.7,70.3,7.6,84.2
3.9,100.0,80.1,9.2,77.4
4.0,79.6,70.3,7.1,78.8
1.7,88.4,54.3,9.5,65.8
3.9,65.0,63.7,6.8,65.5
5.8,96.4,83.8,5.8,84.5
2.4,57.2,62.3,9.7,56.5
2.2,77.9,52.5,5.6,53.5
0.5,70.7,89.8,8.6,65.0
5.6,62.0,37.3,7.4,67.7
3.2,68.6,52.2,5.0,60.2
6.1,74.4,71.9,5.9,69.5
8.5,84.0,65.6,7.5,81.9
2.8,70.7,69.0,7.0,60.2
6.8,89.4,63.1,5.5,75.7
7.0,67.4,52.5,7.5,82.1
6.8,75.1,82.9,6.5,76.2
4.9,85.0,84.6,7.4,90.4
5.8,54.3,77.7,6.7,78.2
2.8,88.1,80.5,6.0,82.2
6.0,50.4,56.1,6.1,70.9
4.3,72.6,69.4,9.1,71.8
4.7,59.6,58.9,5.7,67.2
5.8,64.3,37.9,7.3,55.2
5.1,60.9,74.9,7.8,74.8
5.0,82.9,54.9,8.0,78.9
5.8,86.0,81.8,7.9,85.5
5.2,70.9,46.9,7.7,63.1
1.9,76.2,53.6,8.9,57.2
6.4,77.3,68.7,5.0,76.0
3.4,63.1,69.5,6.6,59.2
6.5,91.7,90.8,6.5,89.9
4.0,92.8,76.4,5.5,85.8
3.9,53.9,38.2,5.0,52.5
8.1,65.0,77.9,8.4,78.7
6.5,96.1,58.2,7.1,86.4
5.3,64.6,69.5,8.3,60.0
3.8,85.9,60.7,9.0,77.2
4.3,63.0,64.0,10.0,71.5
5.3,63.0,66.9,7.3,63.1
1.1,86.0,66.2,8.1,72.9
3.3,89.1,56.6,7.6,68.0
6.4,61.9,60.4,7.9,68.5
5.5,71.8,44.6,6.6,73.5
2.9,45.0,41.5,7.9,42.3
5.7,79.2,50.3,7.4,73.3
6.7,64.5,58.6,5.0,52.1
5.4,80.2,58.5,8.0,60.8
2.1,78.6,69.7,8.1,67.6
8.7,48.8,98.0,5.9,69.7
7.1,72.1,57.1,8.9,78.1
5.6,81.4,50.5,6.1,66.5
3.2,68.8,54.4,5.7,61.5
8.2,69.2,74.4,6.2,76.9
5.4,69.9,74.9,3.7,62.6
1.5,51.2,37.6,5.6,38.1
5.3,76.9,57.7,4.5,62.9
5.0,66.8,69.8,7.2,75.9
7.8,63.5,41.4,8.4,67.8
9.4,91.1,73.1,6.2,83.9
1.5,100.0,60.9,6.4,60.6
4.8,55.8,66.9,4.5,61.8
5.1,68.1,83.3,6.8,78.6
7.7,79.1,64.4,5.5,69.7
0.9,55.0,78.5,7.3,63.0
3.1,61.4,54.2,5.9,60.7
2.7,64.2,47.3,5.1,55.7
1.5,71.1,57.2,6.0,61.1
5.2,51.2,98.0,7.5,75.7
5.6,61.5,77.7,6.2,79.9
6.9,64.3,54.9,5.4,64.5
5.3,52.8,37.7,5.7,48.4
7.0,64.2,72.4,7.0,77.8
8.8,76.6,83.6,7.6,85.7
4.5,76.1,84.4,7.4,86.0
7.5,92.9,71.8,7.3,82.5
6.5,70.5,62.3,7.6,73.5
3.1,78.9,66.8,9.2,56.4
7.6,72.7,86.8,7.1,86.5
4.4,81.0,73.3,8.3,70.1
7.2,80.0,64.9,7.3,75.8
9.1,64.0,78.5,6.3,71.8
4.9,67.8,47.1,9.6,53.0
3.9,57.4,65.6,9.2,55.9
5.1,76.0,73.8,7.7,70.3
5.6,96.8,89.8,10.0,84.2
4.1,88.1,71.0,5.2,63.6
5.2,68.3,95.9,5.5,85.4
5.4,62.3,53.3,5.6,59.9
5.7,78.3,86.0,7.2,81.5
6.1,64.7,94.9,7.0,89.1
6.0,72.1,81.5,7.3,67.8
3.3,59.2,41.2,5.4,53.8
2.2,67.4,65.0,6.9,48.6
5.5,70.4,62.6,4.9,66.0
6.3,57.9,49.4,9.4,59.7
6.8,70.4,52.7,7.5,84.3
8.2,71.4,54.3,8.5,60.9
10.0,87.8,64.9,7.2,82.7
6.3,94.4,49.9,5.7,70.7
3.1,77.2,69.7,6.2,60.2
6.3,68.2,80.6,8.6,79.4
5.1,72.1,63.3,8.6,71.6
7.5,81.3,56.8,4.9,74.4
7.3,74.2,70.5,5.9,78.2
2.7,51.5,59.3,7.7,51.9
8.4,87.9,89.2,6.6,92.8
5.5,79.3,47.1,7.7,76.5
5.5,67.1,55.9,5.7,63.2
8.0,67.2,72.4,4.6,73.4
3.2,64.7,74.9,4.3,55.6
7.9,71.7,80.7,5.8,80.8
4.5,56.8,54.2,6.1,51.0
7.7,70.9,62.3,7.8,81.5
2.5,75.6,75.8,7.2,74.5
8.2,81.5,86.9,5.2,79.2
4.8,84.9,71.4,6.9,81.4
2.7,86.8,48.1,4.5,55.8
7.2,80.9,90.5,6.7,88.0
5.0,45.0,41.8,8.7,53.6
5.9,90.4,74.4,6.7,78.0
3.5,80.9,95.3,5.5,87.0
0.5,89.9,49.4,8.8,57.9
9.2,68.2,66.8,7.3,73.1
4.5,68.3,39.2,5.0,52.5
6.4,68.8,56.4,8.7,73.2
4.9,72.8,54.2,5.3,64.7
2.0,74.6,92.9,7.0,69.9
4.9,78.2,78.0,6.6,76.7
1.9,60.8,65.1,8.5,57.4
5.8,73.8,67.5,5.4,61.2
3.2,73.4,56.2,6.5,75.1
8.6,56.8,37.3,6.4,56.3
4.6,73.3,82.5,7.3,74.7
2.5,66.3,49.7,7.0,59.0
4.4,85.5,77.8,7.6,82.5
2.8,65.0,69.9,7.7,56.9
2.0,45.0,61.0,5.9,57.3
6.8,64.9,75.3,7.9,75.9
4.4,64.4,44.2,5.4,57.0
5.7,76.0,69.2,7.8,74.8
3.8,65.7,68.0,8.7,55.5
3.6,64.5,78.2,7.3,63.4
4.3,58.0,52.8,6.0,67.0
6.7,49.8,92.0,7.9,81.8
3.2,65.6,55.1,6.5,53.5
4.5,51.7,63.3,5.4,60.3
7.2,72.0,54.8,8.7,55.9
5.8,64.5,52.5,4.7,53.0
5.9,71.3,67.0,7.4,75.6
6.5,71.1,67.9,3.9,71.8
3.8,52.1,31.9,7.9,32.1
7.2,79.4,64.6,5.8,69.8
2.5,63.9,55.8,5.8,59.1
5.5,76.2,67.0,7.8,79.4
4.0,55.8,38.9,7.0,49.2
5.7,95.8,78.7,7.0,88.5
6.6,66.1,37.0,5.9,51.8
2.9,68.9,62.2,9.7,57.5
6.7,66.3,47.7,6.8,67.7
6.0,85.9,51.9,8.2,73.8
4.2,61.4,77.4,8.8,78.7
3.7,70.4,47.8,6.1,60.7
4.6,78.0,82.1,7.7,77.8
0.6,87.7,71.2,8.0,56.9
2.7,65.1,83.4,7.9,73.5
4.3,52.7,50.0,5.4,47.8
6.0,58.7,66.7,8.8,67.5
2.4,94.5,67.0,8.5,78.3
5.9,87.4,77.8,6.1,87.8
5.4,85.8,82.0,6.0,82.9
4.3,84.4,79.1,7.4,72.8
7.0,62.8,79.8,5.2,75.9
6.6,61.3,69.8,6.0,75.2
2.8,48.7,60.9,6.4,63.6
8.9,91.5,78.5,5.7,82.7
0.8,61.0,58.8,7.0,46.1
3.9,95.3,64.5,7.3,81.2
4.3,74.1,69.2,6.7,66.6
7.4,51.0,77.7,4.8,69.7
6.2,54.4,59.7,8.0,63.2
2.3,45.0,75.8,8.7,58.4
2.4,57.4,37.1,6.8,46.4
8.0,69.6,67.7,7.1,79.6
2.6,68.0,82.5,8.6,71.5
3.7,62.7,67.1,8.1,71.6
6.5,81.3,76.8,6.9,80.9
6.2,68.2,83.2,5.8,73.8
6.7,59.8,61.5,5.0,64.1
4.1,48.6,67.0,7.3,65.2
4.7,77.7,61.9,7.0,72.5
4.2,64.0,78.9,6.1,69.6
2.9,80.1,86.4,6.2,78.9
7.7,59.3,51.4,5.8,65.7
3.4,64.0,83.8,6.6,66.7
5.8,67.8,66.8,8.7,75.7
6.1,47.5,72.3,9.1,50.1
3.3,69.6,75.3,8.0,80.5
3.2,67.3,76.6,7.2,75.4
10.0,65.6,59.2,7.7,81.6
4.7,58.2,43.1,5.7,63.2
9.3,66.8,86.2,6.3,99.1
8.1,77.2,67.2,8.2,82.0
3.2,75.9,62.9,7.2,61.5
7.2,66.6,38.3,7.9,62.0
1.3,67.1,91.2,4.2,54.5
6.3,64.2,77.2,9.0,68.6
3.2,77.5,72.2,8.8,69.3
6.0,94.5,59.2,8.0,85.4
3.7,83.5,55.2,6.3,65.4
5.4,78.5,55.7,6.3,72.8
5.0,65.4,60.9,7.6,69.8
4.4,79.3,59.6,6.1,60.6
5.8,72.4,79.7,8.2,76.1
5.3,67.7,44.4,6.6,69.4
6.0,78.2,30.0,7.4,42.4
4.3,60.6,84.3,6.8,76.1
7.0,82.2,74.6,7.0,84.5
6.6,58.5,48.6,7.8,67.2
2.3,79.8,57.3,8.4,62.0
9.4,55.5,90.3,5.9,76.3
4.9,62.1,67.9,6.0,63.5
3.5,60.3,72.3,5.2,59.9
3.8,62.8,84.7,7.3,72.1
6.4,73.0,98.0,8.0,90.8
9.5,68.6,68.5,6.2,75.5
6.6,47.8,55.3,3.7,49.7
0.9,96.4,61.9,5.8,63.2
4.8,63.0,62.0,5.4,64.7
3.0,64.5,30.2,8.3,58.9
4.2,85.9,60.0,5.7,79.0
6.7,71.2,72.8,7.1,77.1
6.0,63.8,45.1,6.7,66.7
2.2,60.3,70.8,6.8,60.1
3.7,62.1,70.0,8.4,67.9
7.8,68.6,54.5,7.0,74.0
9.9,80.6,53.7,5.2,63.0
4.9,80.9,67.6,5.6,71.4
6.5,66.5,74.0,8.3,77.1
3.1,79.9,64.6,5.8,65.4
8.9,59.3,57.6,9.2,66.3
7.5,68.0,66.4,8.3,64.8
9.0,55.4,72.1,7.0,71.3
6.1,66.0,61.4,8.2,63.3
3.6,93.4,92.6,7.1,91.9
7.2,68.7,83.5,10.0,77.1
5.4,70.6,55.5,6.3,68.8
6.3,59.2,46.2,4.5,58.9
3.3,45.0,34.8,7.4,53.6
6.3,67.2,65.9,5.7,70.5
4.4,68.3,47.0,6.0,60.1
1.5,84.5,67.4,6.9,62.9
6.4,81.0,78.0,5.9,84.9
1.7,45.7,42.0,7.0,48.6
4.6,80.6,30.0,5.0,53.4
7.7,79.7,81.4,4.8,73.4
6.1,88.5,51.1,10.0,64.9
7.8,66.7,54.1,6.1,69.1
3.6,70.7,66.5,6.8,67.2
8.9,81.3,64.9,5.3,71.2
3.6,70.4,52.6,7.3,68.7
3.3,70.7,30.0,7.6,47.6
6.6,83.7,82.9,7.8,83.4
3.1,77.6,55.7,8.9,61.7
3.6,96.3,72.5,7.1,85.0
4.1,68.2,79.3,6.7,81.8
4.0,70.3,60.8,7.9,67.7
0.5,56.1,49.9,5.9,48.4
6.6,81.2,84.9,6.6,87.4
4.9,92.3,69.3,8.7,82.9
7.3,47.5,76.0,6.5,69.0
4.6,66.6,42.8,5.3,47.2
5.6,81.6,72.3,8.4,77.5
1.6,58.9,64.2,9.4,60.9
4.4,68.7,44.1,6.6,57.4
6.0,80.7,70.7,6.7,77.1
5.4,77.7,79.1,6.9,81.6
2.5,78.8,58.0,6.5,67.2
4.8,48.6,48.0,4.8,42.7
8.1,69.2,76.3,5.0,71.0
7.4,56.9,71.0,7.3,64.6
3.7,74.5,64.4,5.1,65.5
9.1,70.3,98.0,5.4,85.6
4.6,71.6,76.6,7.9,85.6
4.7,64.5,69.5,10.0,65.4
0.8,54.9,56.1,7.5,53.8
2.3,68.9,59.0,7.2,64.1
3.0,89.1,57.0,7.4,73.7
1.8,67.6,63.8,8.8,59.2
3.8,79.3,73.1,6.7,81.4
3.0,93.0,48.2,5.5,63.7
5.3,52.0,98.0,7.6,79.8
3.8,62.2,70.7,6.8,61.5
4.0,65.2,64.3,7.4,56.8
2.5,97.3,61.6,8.7,71.4
5.1,52.8,56.0,8.9,57.9
5.7,81.9,63.8,4.8,69.8
0.5,73.0,87.7,7.5,66.4
6.6,45.7,37.6,5.8,47.0
5.2,62.2,64.5,6.7,61.3
4.9,74.2,57.3,6.9,79.1
4.9,81.9,76.0,7.3,76.5
5.7,70.4,76.7,7.1,77.0
4.2,67.0,98.0,7.9,78.6
6.0,56.3,60.6,7.5,64.8
3.7,49.3,75.7,6.8,58.9
6.0,62.4,38.8,8.5,55.4
7.9,79.3,76.0,6.1,72.0
3.4,58.0,66.1,6.6,61.4
4.2,78.8,67.1,7.5,73.0
5.1,69.8,79.0,6.5,75.1
6.5,57.6,53.2,5.4,58.9
7.1,68.1,80.2,5.9,69.0
2.0,82.2,41.1,8.0,51.6
1.7,99.4,84.8,5.6,81.1
3.9,80.5,72.7,9.6,71.8
2.0,64.2,46.7,9.1,48.0
3.8,65.5,72.4,4.5,65.2
2.0,61.9,84.5,8.0,59.7
2.9,61.9,83.3,7.3,65.5
0.5,72.7,54.4,9.1,51.3
6.8,54.9,45.6,7.5,68.8
5.7,72.0,54.8,7.8,74.7
3.4,67.0,54.2,6.9,65.5
2.0,79.6,40.2,6.6,62.2
2.5,74.8,69.9,5.6,70.6
6.9,62.7,56.2,5.3,65.7
3.9,70.1,65.6,6.2,61.4
7.3,63.1,72.2,6.4,68.8
7.1,64.5,61.4,6.2,68.5
9.1,79.3,86.2,8.0,86.8
8.7,90.5,79.8,7.7,92.9
4.1,59.3,60.5,4.8,64.7
2.2,84.9,60.8,8.4,63.6
7.1,86.6,45.7,7.0,71.8
3.4,73.3,71.6,6.5,80.9
6.7,93.7,98.0,6.3,91.8
9.5,61.7,54.0,8.7,74.1
4.2,78.6,50.6,4.2,57.6
4.2,58.4,52.4,6.4,58.7
8.3,47.3,63.8,5.2,55.5
8.1,68.0,60.1,6.9,76.4
5.8,73.4,69.1,4.4,64.9
2.7,100.0,82.4,7.6,79.3
7.0,58.4,95.7,4.9,75.7
2.6,82.8,64.5,7.9,69.1
2.3,82.1,69.1,8.1,66.4
4.9,76.5,81.4,6.2,82.6
2.9,66.4,83.9,7.9,64.7
3.7,54.3,45.4,5.3,39.6
1.9,75.2,48.0,6.6,67.4
2.9,74.0,64.3,9.8,59.2
4.5,85.3,61.6,7.1,71.6
6.1,73.8,60.9,6.0,66.2
1.3,51.8,55.9,7.4,56.5
4.7,45.0,78.1,5.6,65.2
4.8,76.2,58.7,4.5,56.6
1.9,71.1,65.1,5.0,58.2
3.6,46.8,43.9,6.4,45.5
3.2,68.6,54.4,7.1,59.7
6.9,80.9,67.5,8.4,82.8
4.2,65.3,68.6,5.9,66.8
5.1,62.9,75.5,6.1,72.6
3.3,59.9,56.8,7.7,59.9
4.0,72.2,58.6,8.5,60.4
4.2,52.7,62.2,4.8,60.0
5.3,81.1,76.5,5.8,72.8
5.7,90.7,88.0,6.2,91.1
7.8,71.2,54.6,5.5,69.2
3.0,70.7,72.8,6.1,69.4
5.8,68.4,43.6,8.2,54.7
6.3,93.3,84.7,5.5,84.3
5.0,73.1,64.3,7.4,71.1
4.3,65.1,69.0,6.3,78.7
8.4,80.0,87.0,7.5,89.7
3.8,63.5,42.4,5.5,45.0
2.6,75.0,72.4,6.0,74.3
4.3,70.1,51.8,7.7,59.2
5.5,72.2,66.4,7.0,74.8
4.3,100.0,97.9,4.0,84.8
5.7,83.2,67.8,7.0,83.5
3.6,56.2,84.0,6.9,71.5
7.1,74.7,61.6,8.9,76.2
4.6,66.3,52.2,7.7,65.5
6.5,69.1,95.8,9.8,78.0
5.2,59.0,67.2,6.0,72.3
6.9,59.1,67.2,6.9,76.7
6.4,71.8,47.8,6.2,58.4
7.5,84.6,64.4,6.1,70.8
5.9,63.4,58.5,6.7,63.0
6.3,74.2,81.6,4.6,60.5
5.8,61.0,43.4,3.8,57.1
3.1,86.7,67.6,7.7,73.4
6.3,69.0,77.3,8.2,74.0
6.6,47.9,68.6,9.3,58.5
5.0,80.4,63.6,7.2,71.4
5.0,68.0,58.6,5.5,63.3
2.7,68.5,88.5,6.8,70.7
3.0,68.7,44.9,6.2,56.8
6.0,45.7,42.0,4.3,41.0
5.4,60.1,38.0,7.1,70.1
2.7,61.3,81.3,10.0,69.7
5.8,72.2,73.8,5.0,71.8
3.8,59.3,66.1,9.0,62.7
4.5,53.8,96.1,5.0,65.3
5.3,71.9,52.6,6.1,52.8
3.0,69.9,87.2,7.4,76.6
2.4,71.1,60.2,8.0,57.1
7.5,76.4,55.9,8.7,78.1
8.0,50.8,60.1,8.3,63.6
8.6,68.1,78.8,5.8,87.0
4.2,93.3,76.8,7.5,76.3
10.0,82.7,77.7,6.9,90.4
4.0,75.4,57.9,7.2,68.4
4.1,70.0,59.7,6.5,71.7
1.8,74.6,67.6,7.6,68.4
0.5,94.1,59.0,8.0,66.0
6.4,73.3,73.1,7.9,73.7
2.7,68.5,69.5,7.9,63.6
2.8,60.2,42.5,8.3,53.4
7.3,65.1,85.7,10.0,78.6
2.1,80.3,77.9,7.8,74.2
6.4,58.8,61.1,5.5,76.5
3.9,55.6,66.7,6.6,77.2
3.6,66.6,51.7,7.6,58.1
4.0,65.1,47.9,6.2,55.5
2.9,68.8,82.8,6.4,72.2
6.5,86.5,45.0,8.6,71.5
2.5,83.7,33.6,6.0,54.8
7.4,85.7,85.7,6.2,86.5
7.1,69.2,70.2,7.8,79.7
4.1,66.3,30.0,7.2,48.7
3.8,72.6,45.1,7.7,57.0
6.1,85.2,86.2,6.6,88.4
7.4,73.7,70.9,8.5,71.1
1.4,58.3,49.2,6.9,53.9
7.5,63.5,64.7,6.8,74.6
9.9,71.1,82.3,5.7,91.1
3.3,74.0,50.4,8.5,58.7
7.1,62.8,69.4,5.8,77.5
6.8,51.6,50.1,6.0,59.8
4.7,53.5,60.2,8.6,67.3
2.7,83.9,68.5,6.6,72.9
2.3,66.7,63.0,4.3,57.8
4.1,81.4,68.6,6.1,72.3
7.0,69.1,77.8,5.4,71.3
5.4,84.6,63.9,9.2,65.9
6.4,72.4,66.9,5.7,81.5
5.0,57.0,65.2,6.6,81.2
5.1,73.0,80.7,8.2,83.5
4.4,72.5,30.0,5.3,56.1
8.1,81.6,98.0,8.9,89.7
3.9,73.7,37.1,5.2,52.8
3.5,69.8,75.9,6.7,71.4
1.5,63.9,36.1,7.9,38.8
4.1,67.4,80.2,7.4,69.7
3.9,61.8,69.2,7.5,61.3
4.6,70.1,46.0,7.2,63.7
5.2,77.4,65.9,4.4,55.5
7.7,74.3,93.9,6.2,87.3
5.4,98.6,58.2,6.2,67.4
7.2,72.5,94.6,7.8,86.7
3.0,64.3,75.1,8.5,67.0
6.6,76.1,72.8,4.7,68.9
5.8,59.3,60.1,8.4,73.6
5.9,72.7,59.9,7.7,66.4
7.6,85.2,92.3,8.2,93.1
1.1,66.0,49.6,7.5,51.3
4.0,84.4,64.4,6.7,72.5
0.5,62.7,37.4,6.2,46.4
5.2,63.9,71.7,5.6,68.8
5.8,97.1,98.0,7.1,91.8
3.6,72.5,53.0,8.2,71.8
1.4,72.0,70.0,8.0,57.6
7.1,80.6,58.7,6.1,71.4
3.4,54.1,54.5,4.9,55.5
3.0,77.6,70.9,5.4,67.8
4.4,68.4,66.0,9.2,69.1
9.3,89.7,94.6,5.0,89.3
8.2,49.1,58.5,6.1,59.5
3.3,59.5,58.8,6.7,70.2
6.7,88.4,55.0,7.3,79.7
6.3,85.5,65.2,4.6,72.5
5.5,68.3,76.8,6.1,67.0
6.0,48.1,41.7,3.6,38.7
0.7,64.9,53.5,7.5,44.7
5.1,65.1,82.0,7.0,77.8
5.8,65.0,65.6,7.5,66.7
6.7,85.3,71.4,8.0,82.3
5.4,58.2,51.0,8.2,76.9
3.6,58.2,79.7,10.0,63.6
8.5,58.6,65.7,7.1,69.1
4.8,71.5,50.1,8.1,67.3
4.6,62.9,61.0,6.3,63.9
6.4,59.3,65.2,6.3,64.2
5.1,72.1,59.7,7.5,74.4
3.0,76.4,84.6,6.7,70.5
6.9,97.7,90.5,7.8,94.6
4.9,51.7,70.5,5.9,66.3
7.0,93.2,64.1,7.1,79.9
6.2,73.4,90.1,6.9,82.2
1.6,46.5,65.5,7.5,63.5
1.9,62.1,70.2,8.0,59.5
6.2,76.1,74.6,6.9,80.9
2.8,62.1,63.2,3.9,49.9
6.0,82.2,87.8,5.9,89.3
2.8,88.6,63.2,6.0,64.4
4.8,55.4,42.8,6.1,33.3
6.6,52.2,81.1,6.8,86.1
3.8,66.2,80.0,9.0,63.2
4.3,68.9,67.9,7.5,71.2
6.1,72.7,71.9,7.0,72.7
3.3,61.4,65.1,6.6,62.8
3.9,81.1,65.5,7.3,72.9
7.0,69.5,55.9,6.9,71.5
3.4,92.0,54.4,4.8,68.1
3.8,66.1,63.3,9.4,64.8
5.8,73.2,73.2,8.7,74.1
5.7,77.1,43.1,7.0,67.6
4.6,69.4,59.4,6.2,72.6
6.5,95.2,43.8,4.5,63.3
2.8,74.3,62.5,7.0,65.2
6.8,57.8,53.9,4.5,60.3
5.4,69.2,77.0,8.5,71.6
7.4,62.7,56.0,8.3,60.7
8.7,82.1,80.1,6.9,87.1
10.0,81.0,82.2,7.5,90.3
1.5,60.4,47.4,6.7,55.8
5.7,82.3,64.9,6.4,75.5
5.5,72.7,72.1,5.9,71.0
2.4,89.7,98.0,3.9,73.8
7.5,65.8,78.4,6.7,78.2
4.6,65.3,76.3,7.9,73.0
7.0,82.6,93.6,6.6,92.5
2.9,72.7,60.2,8.4,65.8
7.3,100.0,94.7,6.7,93.7
6.5,74.6,78.6,9.0,74.1
6.5,65.1,51.1,7.5,61.4
3.4,57.3,76.3,6.8,64.5
9.2,75.4,78.3,6.1,82.7
8.6,71.6,83.2,7.2,78.2
7.4,83.6,82.7,4.1,69.8
8.7,58.6,56.2,6.4,68.6
0.5,78.1,73.3,6.2,53.7
5.2,67.4,71.0,4.3,61.8
6.9,89.4,81.7,5.0,88.8
0.8,70.2,75.9,8.2,59.4
8.5,71.6,70.2,6.3,78.3
7.3,65.7,88.7,6.4,76.9
8.0,78.3,65.0,8.5,76.3
2.1,64.0,50.2,6.7,53.2
3.6,45.2,75.9,6.1,69.1
4.4,70.2,48.3,8.4,65.2
1.0,63.6,66.8,7.3,61.1
5.1,51.7,41.4,7.4,49.7
7.9,46.7,56.4,4.9,58.2
3.2,85.4,64.5,7.1,62.1
0.5,72.8,35.9,6.7,50.7
1.7,63.7,76.2,7.7,72.6
3.6,58.9,55.1,7.7,66.9
9.8,49.2,46.4,6.1,63.9
6.9,74.3,54.6,7.1,80.8
5.4,66.1,60.1,7.5,69.6
3.8,70.9,45.7,6.2,59.2
0.5,54.2,50.6,9.3,46.2
0.5,61.7,63.2,6.1,55.7
5.6,79.8,79.1,8.6,78.2
3.4,67.8,81.3,5.7,64.6
2.9,62.6,74.9,7.9,69.5
3.6,78.3,79.4,7.1,77.1
3.2,54.7,51.2,9.6,49.8
7.3,67.2,83.5,7.8,87.1
5.9,87.4,70.8,9.1,69.5
3.0,74.2,70.2,7.8,61.7
8.2,45.0,55.2,6.2,74.8
4.0,77.2,77.0,5.6,75.7
1.6,53.8,63.9,5.8,63.9
6.0,77.4,98.0,6.4,85.1
3.4,95.6,85.6,6.9,81.5
2.0,83.3,58.7,7.6,69.0
5.3,80.4,62.9,8.5,64.5
0.5,68.4,59.8,5.6,46.6
3.5,63.7,79.2,8.1,62.3
1.2,61.0,33.9,5.2,41.4
7.7,81.4,78.1,8.2,72.7
3.5,64.7,71.8,7.7,59.1
5.5,73.7,38.7,7.1,57.1
5.4,79.8,76.2,5.4,73.2
4.5,87.8,77.6,6.7,79.3
0.5,63.6,69.1,8.6,65.6
4.5,55.8,55.8,6.8,66.4
2.1,60.6,65.8,8.1,64.1
9.4,60.8,80.9,4.1,71.8
7.9,56.2,36.4,7.7,56.5
6.0,70.0,57.2,8.5,66.1
3.5,68.3,40.8,5.3,54.2
3.0,73.2,61.8,7.6,58.6
8.6,65.2,52.6,7.5,76.2
5.5,100.0,86.3,8.8,92.0
4.4,93.5,79.9,6.4,83.9
8.4,73.4,62.3,5.9,69.1
0.8,67.7,67.6,6.2,61.7
2.9,59.4,86.6,7.0,60.0
7.9,48.2,58.3,5.6,68.4
3.0,64.7,81.7,6.7,70.5
6.7,61.5,70.2,7.1,71.5
3.0,66.2,54.3,7.1,60.9
4.8,91.8,68.9,8.3,79.7
4.8,68.0,61.4,7.4,63.0
6.5,74.6,43.0,7.7,66.7
7.0,80.3,76.5,5.6,73.3
4.4,68.9,59.2,4.6,68.4
7.7,71.5,60.9,3.6,54.0
4.5,65.1,59.2,8.9,67.8
2.2,72.7,79.4,4.3,53.3
4.6,71.2,70.4,6.5,82.9
4.8,79.3,52.7,6.9,74.3
7.2,70.4,86.9,7.1,84.1
4.4,62.2,68.1,6.2,71.9
3.4,54.2,63.6,3.0,40.6
9.4,68.5,65.6,7.1,80.8
3.4,61.9,40.4,6.0,48.0
6.4,50.6,37.9,6.6,52.3
5.0,84.0,64.9,7.7,70.6
9.0,72.9,55.7,8.3,77.4
6.8,87.2,67.3,3.7,62.1
3.1,49.3,70.1,6.1,58.9
6.7,65.9,60.7,6.4,67.7
3.1,79.3,44.8,5.6,58.9
5.3,62.0,53.5,6.5,75.9
0.7,77.2,63.9,5.9,51.8
7.0,72.8,50.7,7.1,68.0
9.4,81.9,55.5,6.5,82.4
2.5,79.8,70.2,6.4,71.4
0.9,62.9,83.2,6.4,68.9
4.9,52.3,41.2,6.8,57.8
7.3,63.3,46.6,5.1,64.6
3.9,77.8,49.0,5.5,57.9
7.6,71.1,73.2,8.5,72.0
2.6,51.5,46.2,8.4,53.8
7.9,68.6,56.8,9.0,71.5
6.4,68.3,30.0,7.1,62.0
3.2,56.0,70.4,6.6,69.6
5.4,73.7,53.5,9.0,65.8
9.2,73.8,38.7,7.3,63.8
9.1,56.1,48.8,6.0,57.3
8.4,65.8,62.6,5.2,72.6
8.5,84.8,66.8,6.6,80.0
1.4,69.0,66.0,9.0,60.6
0.5,45.0,47.6,8.0,38.1
3.7,74.8,58.2,7.7,67.2
3.2,50.9,63.7,7.8,56.3
6.8,100.0,83.1,8.7,92.3
9.3,71.2,57.0,5.7,62.9
2.5,64.8,48.0,9.2,54.7
2.8,68.6,79.6,5.3,62.0
6.4,77.0,70.2,4.9,71.6
5.7,72.5,49.6,5.4,67.8
5.3,85.0,98.0,6.5,88.6
2.3,71.3,53.6,4.5,53.2
2.2,63.2,65.3,7.4,56.5
6.4,90.9,62.9,5.0,66.7
0.6,53.8,67.3,7.7,55.4
5.0,74.2,71.8,6.1,76.2
3.2,67.4,87.9,5.5,67.4
6.0,45.0,68.0,7.7,56.2
4.4,68.8,50.3,7.7,62.2
3.2,69.0,84.0,5.6,75.3
6.4,77.7,65.4,4.2,59.8
3.8,57.9,49.7,8.3,63.9
3.4,66.3,60.6,7.1,65.2
0.5,81.4,77.1,6.8,73.0
4.2,82.7,58.4,7.2,64.1
6.6,76.2,48.5,6.8,61.7
8.8,85.2,65.7,6.0,71.5
7.3,68.6,77.6,7.0,74.8
4.7,85.8,65.9,5.7,63.8
6.6,63.3,53.4,5.3,71.0
8.4,95.0,44.9,6.7,66.7
2.2,65.2,64.2,7.4,57.6
3.5,65.9,54.3,9.7,54.5
5.9,72.7,71.6,7.4,81.1
5.2,73.3,69.0,6.8,68.5
5.9,72.8,64.1,7.1,71.6
5.7,63.2,64.1,6.6,69.9
6.6,63.7,80.0,6.8,88.8
5.0,77.9,61.8,5.2,64.3
0.5,66.8,78.2,7.0,55.3
6.7,88.9,67.0,8.7,76.5
3.5,57.1,62.9,5.8,52.6
8.4,48.0,85.5,8.1,80.8
3.5,48.5,48.3,7.8,53.5
8.4,81.4,49.3,6.2,72.9
5.7,61.6,42.4,7.4,57.1
4.3,64.0,60.9,7.6,54.9
3.7,74.0,63.9,6.4,65.3
5.1,69.0,57.8,4.2,61.8
2.3,92.5,60.7,5.9,66.2
3.3,47.5,71.2,7.8,57.2
3.4,67.6,85.6,7.8,84.0
8.8,86.1,71.2,5.2,82.2
4.4,71.7,42.1,8.6,65.8
6.3,74.9,73.5,6.9,77.7
5.1,92.0,86.6,7.3,87.4
8.0,62.3,40.8,5.6,68.4
6.6,77.5,82.6,5.6,78.8
7.8,65.9,86.6,4.8,66.9
4.4,74.1,93.5,8.8,88.2
4.6,65.2,78.8,7.4,78.2
5.4,70.9,57.4,8.6,71.8
2.5,64.0,42.4,7.7,58.6
5.2,67.0,66.5,7.2,67.3
7.4,45.0,46.7,7.3,61.5
1.6,57.8,84.0,7.5,67.6
3.6,70.4,39.0,6.0,53.0
2.8,57.7,30.0,7.7,46.1
3.3,45.0,74.6,7.7,61.4
6.9,50.2,77.7,5.9,66.9
7.6,86.2,79.9,9.3,91.1
4.0,69.9,53.1,9.6,65.6
2.2,80.1,62.2,7.3,61.0
6.5,75.6,39.7,7.4,63.8
2.5,53.2,46.0,6.7,56.9
3.8,52.6,80.9,6.1,53.6
4.9,68.3,73.5,8.7,72.8
7.2,75.9,58.5,7.1,77.6
5.2,68.7,62.8,6.0,64.7
8.9,97.2,85.7,4.7,76.6
0.5,68.9,47.1,6.2,55.5
4.3,66.1,79.7,7.7,79.5
3.6,66.0,57.0,5.3,57.4
6.3,54.2,60.6,7.4,70.3
5.8,45.0,53.5,6.0,52.7
8.1,63.9,46.1,5.9,54.6
0.5,73.5,74.8,7.9,74.1
0.5,49.9,30.0,6.9,38.6
6.9,86.9,66.6,8.9,84.9
3.0,69.9,59.0,6.7,63.4
4.2,85.9,63.7,5.8,66.4
4.8,54.6,74.8,8.7,69.8
2.7,69.4,63.9,5.9,61.4
5.3,82.0,69.1,8.7,84.4
3.1,86.5,76.9,5.5,76.0
6.3,63.5,44.9,8.6,60.2
2.4,72.4,55.3,6.8,60.9
3.2,71.0,64.6,6.1,60.8
6.5,70.5,40.7,7.8,62.0
6.2,77.1,52.8,7.1,79.7
4.1,66.9,64.6,5.0,65.7
9.0,75.9,63.4,5.9,60.3
3.5,73.1,72.2,7.5,76.0
8.0,64.3,50.8,5.6,62.0
4.6,47.0,30.0,8.6,39.5
7.1,65.7,66.1,5.1,67.5
5.0,71.2,55.2,6.7,69.0
4.2,68.5,65.7,7.1,70.1
2.4,63.6,50.2,6.9,52.8
3.2,79.8,76.6,7.0,78.1
2.5,60.9,62.4,8.1,65.7
0.5,78.7,61.9,8.7,56.3
8.1,66.5,67.1,5.2,75.8
4.4,78.4,70.9,5.3,75.5
4.7,87.0,69.7,6.5,84.2
3.9,74.4,93.7,8.1,80.3
8.6,68.2,74.0,5.5,76.0
3.9,65.5,57.7,8.0,68.9
5.5,70.0,73.4,8.1,80.1
3.8,61.5,30.0,7.9,50.3
5.8,58.7,75.8,8.1,64.9
5.7,89.2,98.0,5.8,89.1
8.3,75.5,66.3,5.9,76.2
5.4,62.1,45.6,7.8,56.8
7.4,86.5,58.4,6.9,65.1
5.0,74.7,98.0,6.3,87.0
3.1,82.3,70.8,6.6,83.3
3.0,68.4,68.4,7.7,72.8
6.1,68.9,78.1,9.0,81.8
5.4,45.0,53.2,8.0,52.5
5.2,66.8,64.9,6.3,75.9
7.1,59.8,67.2,5.0,70.4
4.9,88.9,79.9,6.4,82.3
3.8,62.0,63.7,6.5,57.8
4.5,70.9,75.2,5.6,64.6
6.9,66.8,94.0,6.9,76.9
3.8,82.2,91.9,7.0,77.0
4.4,63.2,92.4,6.1,77.5
4.5,94.6,85.6,7.5,86.6
7.7,96.9,50.3,6.8,86.4
6.1,73.7,83.2,8.8,75.0
8.9,71.1,90.1,6.4,88.3
4.4,63.5,64.5,8.8,53.1
2.3,58.5,46.4,9.0,57.7
8.1,63.7,73.9,4.5,78.1
3.9,65.3,54.7,5.6,69.9
2.5,86.4,76.8,7.2,78.1
7.4,56.7,69.1,6.8,67.0
9.8,73.1,37.2,5.0,59.8
4.3,57.3,81.7,5.9,75.3
3.5,74.9,84.9,6.4,73.1
6.0,66.6,50.3,7.5,65.4
2.2,69.1,65.9,7.2,60.7
3.2,71.4,44.8,7.3,63.5
0.7,69.0,50.7,9.0,42.6
4.3,84.9,57.3,5.4,71.1
4.1,64.0,75.4,6.4,69.1
8.4,63.6,36.6,5.3,51.8
7.3,74.7,47.2,8.2,61.8
6.3,88.3,72.5,7.4,79.7
5.8,85.3,68.3,5.3,71.6
5.6,76.6,83.1,6.2,86.8
8.7,88.9,89.9,6.0,86.7
8.1,70.1,62.7,8.1,78.1
5.1,46.5,43.5,8.1,53.7
2.9,61.3,93.7,6.1,69.8
1.8,66.1,72.9,8.2,54.6
5.1,48.1,48.9,7.2,67.8
5.9,89.4,78.7,5.6,82.0
4.1,79.8,73.9,7.6,70.7
4.7,54.3,49.4,5.5,52.6
4.2,59.7,78.5,7.1,72.7
6.1,78.3,57.5,8.3,71.5
5.5,60.7,57.3,6.4,61.5
5.3,60.8,58.3,5.1,62.2
9.4,64.6,75.1,6.4,71.1
5.9,70.1,60.8,6.5,64.4
3.4,59.7,48.6,5.5,49.7
6.9,91.3,74.9,8.4,89.8
5.6,67.8,77.5,6.4,74.1
6.0,78.7,66.0,6.6,75.5
1.8,79.0,71.5,5.6,71.2
4.4,64.8,64.1,6.7,70.0
5.2,67.8,48.4,7.5,64.8
3.1,64.3,72.7,10.0,60.6
8.5,77.7,62.2,5.8,66.5
2.3,86.3,46.4,7.0,56.2
2.5,63.2,43.3,6.1,62.9
6.9,82.1,71.4,6.6,77.8
3.8,72.6,68.7,7.2,66.7
2.2,65.6,62.4,3.9,44.9
7.2,70.3,92.1,3.9,65.7
9.9,64.5,44.7,6.9,77.7
9.5,85.8,61.2,6.2,77.4
4.8,63.3,45.2,9.6,48.7
4.1,48.4,65.9,7.4,65.1
6.5,76.1,73.8,6.8,73.1
4.1,59.3,37.2,8.6,52.2
4.3,74.2,62.1,8.1,80.2
6.4,76.1,97.9,8.8,87.1
4.5,57.9,75.2,8.5,65.4
9.4,50.8,63.1,8.0,72.1
8.2,75.9,72.6,5.8,79.6
0.5,87.0,81.2,6.2,62.2
0.5,46.1,67.2,9.8,49.2
5.4,74.6,66.8,8.2,69.8
2.8,73.1,67.8,8.7,64.2
8.9,73.7,80.3,5.1,70.3
8.1,69.6,51.4,8.6,56.7
6.8,45.0,68.7,8.2,67.1
3.3,71.1,66.3,7.6,66.6
3.4,70.7,79.0,5.0,57.5
6.1,67.5,84.7,9.1,74.9
4.9,67.0,55.6,9.5,70.8
4.8,88.8,74.3,7.4,78.7
5.8,81.5,45.6,6.9,67.6
5.3,54.9,42.4,6.3,54.5
2.8,61.6,63.4,4.9,55.6
5.1,51.7,74.3,7.3,63.7
5.2,68.6,86.3,6.8,69.5
4.8,60.8,80.1,7.8,81.8
7.7,62.2,48.8,7.2,70.0
4.3,63.1,49.2,5.9,49.0
5.0,85.1,57.3,8.8,71.9
5.2,83.6,53.5,8.2,64.5
5.9,85.2,80.6,5.8,81.2
6.5,74.2,74.2,8.1,75.0
3.9,67.0,47.7,8.0,54.1
5.3,88.5,80.3,7.0,79.4
8.0,63.9,56.9,6.5,62.5
5.0,80.5,68.8,8.9,78.3
5.2,61.0,49.3,4.8,57.0
6.5,78.3,38.6,7.4,61.4
2.8,64.2,67.6,6.6,68.0
6.7,87.5,65.7,7.6,71.0
4.5,56.6,60.7,6.1,59.9
7.5,78.1,80.9,4.5,73.6
1.9,90.3,79.5,6.5,80.5
1.5,58.6,62.1,5.8,45.0
2.2,80.9,65.9,7.3,72.7
5.8,50.7,65.0,6.8,65.0
6.0,69.8,56.8,10.0,64.3
5.2,77.7,87.7,7.2,76.4
3.2,46.8,69.6,7.1,67.7
5.8,70.4,86.5,8.2,73.7
4.7,61.0,71.1,6.4,71.3
5.9,81.9,73.3,7.1,89.9
3.9,86.9,42.1,7.7,62.5
7.1,74.2,54.5,7.3,68.6
7.7,89.3,98.0,6.1,92.2
2.7,82.3,60.8,5.6,67.5
2.7,61.5,69.8,8.9,65.0
3.8,51.4,44.5,8.0,56.8
5.8,54.7,82.0,8.7,80.6
6.4,99.0,70.4,8.1,85.0
5.2,57.7,53.3,6.7,52.0
6.3,63.9,49.6,6.8,64.0
7.6,68.1,50.2,6.8,60.0
4.1,74.2,46.2,6.9,58.8
4.7,67.5,72.6,5.9,75.4
2.3,76.8,61.7,9.3,69.4
5.5,56.1,36.4,5.2,49.8
6.3,68.7,71.4,5.9,61.0
10.0,83.9,79.7,3.4,75.2
5.5,86.6,35.5,5.7,66.0
5.3,72.4,56.7,9.2,76.0
5.6,81.4,56.0,5.1,62.7
7.9,79.2,98.0,6.3,89.8
1.7,66.9,65.4,5.7,62.6
5.4,69.5,59.3,7.3,75.3
6.3,74.4,48.5,8.1,59.7
4.9,91.2,68.8,7.6,83.2
5.8,89.7,49.6,7.6,63.1
8.8,77.9,76.9,6.0,77.5
2.3,62.4,54.8,8.7,63.8
0.9,64.8,62.1,7.9,65.5
5.8,67.2,55.4,9.1,66.1
1.9,72.6,67.9,5.1,55.7
4.1,68.3,80.2,6.3,72.8
3.8,72.0,90.5,7.0,89.0
3.7,54.7,57.5,7.2,63.7
3.2,59.7,80.1,6.6,72.9
3.3,59.9,46.1,8.2,58.3
4.6,88.1,78.6,5.5,71.2
3.6,60.4,37.4,8.0,53.0
2.6,67.5,57.6,8.3,56.3
5.9,77.2,47.9,4.6,65.0
5.2,63.8,53.9,7.7,67.0
5.9,64.8,64.3,6.7,79.9
4.1,60.2,73.8,7.1,76.5
3.4,68.4,86.2,5.6,73.8
2.2,81.4,98.0,6.1,76.1
5.6,63.5,52.7,7.8,70.6
2.8,47.7,72.9,6.8,62.4
5.4,72.5,77.9,7.3,76.3
4.8,83.7,66.3,7.0,75.0
9.3,59.6,84.5,4.8,69.5
2.1,84.0,76.2,5.6,71.2
5.1,89.9,98.0,3.8,79.7
3.2,66.2,70.4,7.2,62.7
7.0,92.4,93.1,6.8,91.1
6.9,89.6,64.7,7.0,85.3
7.3,76.0,73.2,7.3,85.1
3.8,67.3,67.4,6.1,58.0
3.6,56.7,51.3,9.0,54.8
8.6,73.8,68.6,5.7,72.2
7.9,83.4,63.4,7.2,86.3
7.6,68.3,67.7,7.2,72.1
4.6,69.7,80.0,8.2,75.3
3.4,78.8,70.8,7.5,80.0
2.9,73.2,50.7,8.3,66.0
7.3,95.7,59.7,7.6,84.6
5.7,60.3,79.8,7.4,73.1
4.2,85.8,72.0,6.9,72.4
4.4,75.3,38.2,7.1,54.4
4.9,82.7,62.2,7.0,74.6
1.9,74.7,46.5,5.8,48.3
4.9,65.4,62.4,5.8,71.1
4.2,69.8,77.5,6.2,71.2
6.5,55.3,44.0,7.2,69.0
4.0,65.0,60.5,6.6,60.9
4.0,71.0,69.1,8.6,79.9
7.0,79.3,82.5,9.1,86.7
6.2,73.4,56.2,5.5,65.4
2.6,50.6,81.5,6.8,67.3
7.1,65.4,44.6,6.8,69.4
6.7,58.9,56.1,7.2,60.1
2.7,87.0,53.0,8.2,62.9
0.5,73.5,65.0,5.1,53.5
1.2,80.3,54.1,7.7,51.9
9.1,56.4,59.7,4.6,59.8
5.4,85.3,39.1,7.1,73.5
5.3,73.0,67.2,7.7,70.6
5.5,79.2,61.8,6.8,65.3
7.6,65.4,87.5,6.8,76.0
8.3,75.9,83.8,6.3,87.2
1.7,60.0,38.6,6.5,49.8
2.9,79.0,55.9,8.2,72.0
0.6,68.2,80.2,7.8,62.9
7.9,61.1,50.3,5.1,60.8
6.5,66.2,68.3,8.9,70.4
6.9,76.9,61.4,6.5,72.6
1.8,55.7,31.7,7.9,42.8
3.0,69.3,60.8,9.0,69.3
5.4,81.8,89.3,9.0,79.8
5.9,60.8,51.9,5.9,60.9
1.2,72.2,41.0,5.8,55.1
6.0,77.1,82.7,6.2,76.5
5.4,51.0,59.6,7.0,58.0
7.0,80.8,88.5,6.1,86.0
8.7,73.2,74.4,6.2,77.9
7.2,56.3,74.5,5.0,68.8
6.8,74.3,55.3,6.9,64.6
0.6,59.2,51.5,8.5,48.1
3.1,84.9,48.0,7.3,59.6
3.4,49.1,34.7,8.2,49.4
7.8,46.2,67.1,6.9,68.1
7.9,87.5,82.0,6.2,84.3
9.6,55.8,79.8,6.3,73.2
4.9,51.9,46.5,7.0,50.1
6.2,52.8,59.7,6.8,62.7
3.7,63.5,45.7,7.4,58.7
1.1,66.0,76.9,8.3,58.3
5.3,67.0,48.4,6.3,59.2
4.9,86.1,59.1,5.7,65.2
6.0,72.3,61.2,7.0,67.0
2.4,77.9,58.6,6.4,66.5
4.4,69.7,78.1,5.3,73.4
6.2,100.0,84.8,6.7,87.8
9.6,67.9,36.8,8.0,72.0
0.5,74.9,68.7,8.0,56.8
4.0,64.5,54.5,6.1,60.8
1.6,69.9,56.6,6.7,51.8
1.3,70.3,55.4,5.9,57.8
7.2,88.2,43.8,6.0,65.5
0.7,53.1,68.0,6.4,52.0
7.8,62.8,66.4,4.6,57.0
2.5,57.2,72.3,7.2,58.0
3.1,61.3,63.0,4.3,54.2
3.5,65.2,46.3,6.7,56.8
7.8,61.7,67.9,4.2,59.7
3.1,77.6,77.5,5.9,66.6
5.7,62.5,74.0,7.2,86.6
1.9,61.0,69.7,6.6,60.8
5.0,56.5,31.8,6.3,56.6
6.5,74.6,41.6,8.0,56.5
2.0,62.7,69.7,6.5,57.1
2.7,78.2,78.8,6.1,70.1
6.5,81.9,63.9,6.8,75.2
3.5,81.5,38.4,9.0,59.0
2.5,81.8,95.4,6.2,78.9
1.7,63.5,51.9,7.0,56.0
4.8,91.0,49.9,5.9,59.7
6.7,67.0,65.9,6.6,66.1
4.9,79.0,90.1,7.2,86.6
3.6,68.7,43.6,7.7,54.2
7.5,88.6,55.9,3.0,62.2
2.8,61.3,63.9,5.8,56.0
2.4,51.2,48.1,7.4,51.7
2.3,70.5,73.3,7.6,62.4
3.7,57.5,74.7,6.5,70.9
9.2,70.6,67.6,4.0,59.0
3.1,46.3,48.8,7.9,48.7
3.1,48.6,60.0,6.4,60.2
6.9,60.8,39.9,6.1,47.5
7.3,81.7,84.2,4.4,82.9
3.2,62.1,53.4,8.2,58.0
4.9,72.0,72.2,5.8,81.6
5.4,71.7,43.0,8.4,69.7
8.8,76.1,62.9,6.3,71.5
5.7,53.5,59.2,8.3,63.3
0.6,78.6,40.7,5.0,43.6
4.9,75.6,68.8,9.3,71.6
2.5,81.8,80.5,6.8,86.3
5.2,60.8,57.4,6.4,59.6
4.6,86.1,57.8,5.3,59.2
6.6,72.3,98.0,5.8,86.7
6.4,65.5,86.9,5.0,86.6
4.4,65.7,69.0,6.3,66.2
4.0,63.6,30.0,7.6,49.0
1.2,68.2,53.4,7.2,44.9
3.3,80.7,81.8,7.9,78.0
5.4,45.0,49.9,5.9,61.0
9.0,61.6,65.2,7.2,54.8
3.1,52.3,57.7,6.8,59.3
6.5,83.5,68.9,7.5,80.7
4.7,69.1,84.3,4.5,76.0
4.1,100.0,63.8,7.1,80.9
4.7,71.8,48.5,6.6,69.7
7.9,71.3,51.4,5.6,62.5
4.5,80.6,98.0,8.0,85.2
2.1,82.9,41.5,10.0,49.7
7.9,58.4,97.0,7.2,88.2
2.4,66.2,79.5,6.9,70.5
5.6,72.3,57.9,5.7,69.1
6.7,61.0,61.0,5.7,64.1
5.4,86.7,66.1,7.6,75.8
5.6,69.2,63.8,6.5,77.8
10.0,48.7,59.4,5.8,71.2
5.0,84.5,86.1,7.4,77.3
5.0,64.3,94.9,7.1,80.9
6.9,85.3,55.1,7.1,72.8
8.8,66.8,81.0,6.6,89.0
7.7,70.6,63.3,9.5,80.2
4.1,79.0,78.2,7.4,72.4
0.8,76.1,70.6,7.1,65.2
2.0,74.1,63.7,6.0,67.9
3.8,74.1,65.0,7.0,56.7
2.9,93.6,77.7,5.8,78.7
2.7,73.3,87.1,6.7,69.7
2.8,64.8,55.0,6.0,58.1
5.9,53.4,68.2,6.4,71.5
6.6,65.2,76.7,5.7,81.5
4.3,72.4,53.0,5.7,67.2
0.5,48.2,55.8,5.9,51.4
4.6,64.2,83.9,6.4,67.5
5.8,79.6,50.8,7.2,62.1
6.9,45.0,66.5,7.1,59.4
6.7,52.1,89.2,7.5,71.5
0.5,50.3,64.4,5.6,43.9
5.4,72.3,74.7,5.6,70.3
3.4,53.2,51.1,7.1,52.8
3.8,77.6,60.1,5.3,67.3
6.5,74.5,69.0,7.4,76.8
4.4,59.5,98.0,8.3,80.3
8.3,73.7,76.4,5.2,81.7
6.7,58.1,82.6,6.7,73.7
6.0,53.6,36.7,7.9,54.3
5.6,83.2,77.3,6.0,81.7
7.0,79.2,72.3,4.9,68.3
4.0,74.7,36.5,7.6,50.0
7.1,58.8,86.0,6.8,78.5
7.8,61.7,60.9,6.6,63.7
6.9,70.7,59.2,5.9,66.9
2.0,80.5,65.4,7.7,64.4
4.5,93.3,60.1,8.0,78.9
6.5,45.2,47.3,5.4,45.0
3.6,60.1,80.4,9.6,58.1
4.1,61.7,46.2,5.8,49.5
6.7,76.6,87.6,6.6,86.5
5.9,60.1,79.0,7.8,83.6
8.1,75.2,94.2,3.1,77.6
5.8,65.5,54.1,6.7,66.8
3.1,69.0,88.8,9.4,76.0
2.7,84.7,93.8,7.8,76.7
1.4,69.1,65.1,5.9,71.2
9.1,68.4,68.6,5.9,72.4
3.7,67.4,79.9,4.1,57.6
3.4,69.8,50.8,9.8,50.6
7.2,75.8,86.0,7.6,78.8
2.5,66.8,64.8,7.6,73.3
1.6,58.3,30.0,7.1,41.6
8.4,76.9,55.9,9.9,65.8
8.0,72.6,37.7,7.6,74.3
5.2,62.2,61.6,6.5,70.1
6.4,84.8,79.5,7.1,88.6
4.5,68.1,35.6,7.3,56.3
7.6,64.1,71.5,7.2,77.1
5.2,78.2,54.5,6.0,67.2
6.3,78.0,74.4,6.9,85.1
4.1,81.6,83.6,5.6,74.2
10.0,77.8,94.3,6.1,91.4
3.3,68.7,63.9,5.5,65.3
4.4,100.0,80.8,6.5,80.7
3.4,82.3,81.9,5.8,81.1
3.2,80.0,70.7,4.6,59.7
4.3,96.9,75.3,10.0,81.3
6.5,69.4,44.1,3.6,54.7
5.2,77.4,82.6,6.7,79.2
3.7,59.1,47.4,7.1,54.0
5.6,77.2,52.0,6.2,70.0
7.0,69.7,58.2,5.9,59.4
4.3,53.3,62.8,6.6,49.0
7.8,69.0,73.0,6.9,82.5
5.4,71.1,82.9,4.9,80.1
6.6,57.6,62.8,3.9,55.1
3.7,66.8,78.6,6.5,60.7
4.6,70.1,75.7,6.7,74.0
2.2,70.8,74.8,7.7,71.1
5.1,83.4,68.1,8.4,83.6
4.9,62.3,73.7,8.6,62.5
3.0,65.0,59.1,8.1,63.9
4.4,75.7,54.3,5.8,60.6
4.1,82.2,71.5,7.7,84.2
6.4,71.4,46.1,6.7,72.3
5.1,79.1,98.0,8.2,89.9
3.4,64.7,30.0,7.5,49.9
6.6,59.4,63.7,8.9,63.4
4.5,67.1,44.0,8.5,52.4
7.9,45.0,56.9,6.9,61.7
5.5,52.3,45.2,5.5,54.7
3.5,70.4,95.6,7.5,73.8
5.2,90.7,90.8,5.8,84.8
7.2,73.9,60.6,5.3,72.0
2.8,65.3,74.3,7.2,62.2
6.5,58.8,80.4,6.7,72.8
2.3,82.7,63.5,6.5,62.8
1.1,61.7,64.4,5.6,63.1
4.5,73.1,68.7,6.9,69.6
2.6,72.4,72.9,7.3,55.7
4.9,54.0,71.2,5.4,64.4
1.8,89.3,73.7,8.3,72.7
4.3,78.1,58.2,7.9,63.6
8.1,79.9,55.5,6.5,59.2
4.4,69.9,62.0,7.4,65.7
8.0,57.9,77.6,8.6,71.5
2.1,72.9,51.3,6.4,63.8
5.6,95.4,76.1,6.1,83.3
4.9,68.0,62.7,5.8,68.0
4.3,58.2,43.9,4.1,50.4
1.5,73.4,34.2,6.5,51.9
1.3,76.3,98.0,8.2,75.1
0.5,76.9,66.0,7.0,57.2
1.8,81.5,83.3,8.6,75.4
6.8,67.2,41.8,5.1,66.1
2.5,57.1,42.3,8.8,47.0
6.1,72.7,47.6,7.7,65.0
8.8,62.8,68.8,7.9,82.4
2.5,78.0,76.9,7.8,73.0
6.6,82.5,84.0,4.6,77.6
3.9,71.8,56.6,6.6,67.4
1.5,70.5,58.5,5.9,60.6
6.8,82.2,46.5,6.4,85.6
7.0,61.4,83.6,6.8,74.9
3.4,79.5,49.0,6.9,58.1
5.6,66.8,53.8,3.5,52.3
10.0,85.1,53.8,5.8,63.7
9.4,67.8,66.8,8.5,82.1
5.4,76.8,56.2,7.3,61.5
5.1,73.7,80.9,6.2,73.0
6.8,49.7,69.8,5.4,54.3
4.0,63.8,92.3,8.5,87.4
2.6,55.1,42.0,8.2,59.3
3.1,84.5,48.8,7.4,57.4
4.3,68.4,63.2,7.5,62.5
7.7,73.3,51.7,6.6,73.1
3.1,81.7,76.4,6.0,69.3
6.6,80.4,93.9,7.2,85.3
7.2,80.1,94.1,4.4,82.3
2.8,53.3,59.7,5.4,47.0
5.8,65.5,65.9,9.1,68.3
7.0,62.0,31.3,6.6,65.4
5.4,49.0,71.8,7.3,73.6
6.5,85.0,92.3,7.7,89.4
5.4,67.2,43.1,5.4,64.7
8.3,55.8,80.1,6.1,72.4
9.5,71.8,81.2,5.2,68.1
2.9,78.8,60.8,5.3,63.8
3.8,70.4,43.0,7.6,51.5
7.1,70.7,84.5,7.9,76.5
2.3,54.9,78.2,9.6,67.2
5.8,70.2,96.1,7.6,85.6
5.2,57.6,53.8,5.6,53.3
7.2,69.7,70.9,6.1,72.3
3.7,61.2,71.4,6.2,65.1
8.4,57.5,91.6,7.5,92.5
7.7,92.1,98.0,4.9,83.4
6.5,50.4,70.4,4.0,64.9
3.3,70.8,60.2,4.5,64.0
6.9,68.8,85.0,6.2,82.4
8.2,78.4,76.4,7.2,84.0
6.6,62.5,53.6,4.8,66.1
2.5,59.5,60.8,7.9,59.6
4.2,58.4,88.8,6.9,71.0
6.1,73.8,65.1,8.8,65.5
6.0,63.0,70.1,7.4,67.3
4.8,74.1,51.5,6.7,69.1
3.3,65.3,76.0,5.4,66.3
7.3,68.0,43.7,6.2,60.9
3.9,92.6,95.0,7.2,89.2
5.3,92.2,68.1,7.3,83.5
6.5,83.9,82.8,4.7,76.1
7.1,74.8,77.3,9.1,72.4
7.4,68.6,82.1,6.6,92.8
6.0,62.6,67.0,7.3,77.3
4.9,100.0,71.7,6.9,79.3
5.6,73.0,66.3,7.0,70.0
7.2,63.5,51.8,8.4,66.1
9.3,66.9,50.9,7.7,74.3
2.8,90.7,79.4,6.5,74.5
6.8,73.2,73.8,6.1,84.7
7.6,78.2,64.0,8.1,79.4
6.4,92.7,77.3,5.8,86.6
6.0,45.0,64.4,7.0,70.7
5.1,50.2,53.7,7.5,60.6
4.7,57.2,65.3,6.5,71.3
8.9,67.5,70.7,6.1,80.4
5.1,89.2,62.5,7.1,75.3
6.9,84.8,67.9,6.7,89.2
2.2,66.7,78.1,6.5,69.9
2.8,87.7,74.0,6.4,67.6
5.4,59.5,44.9,7.9,54.4
5.2,46.8,52.9,6.0,65.9
3.7,68.9,71.1,5.1,57.4
2.6,60.2,55.7,7.5,61.0
1.0,92.2,58.1,7.1,62.6
4.8,60.4,56.7,6.7,61.2
4.0,47.7,45.5,6.5,51.3
4.5,63.5,63.4,5.9,73.1
3.2,63.7,53.0,6.0,57.9
4.3,64.3,63.5,6.1,67.3
6.5,64.1,95.8,6.8,88.0
5.1,74.0,75.5,6.4,71.5
3.7,54.4,63.5,8.4,62.1
4.9,89.6,78.4,7.3,80.8
6.6,56.7,52.8,7.0,74.4
7.1,63.4,79.6,6.3,84.1
3.1,56.3,57.7,6.0,52.5
8.8,79.0,56.4,4.7,73.0
1.2,73.1,57.8,7.7,47.6
5.5,73.8,69.7,6.0,75.9
6.6,68.4,70.9,6.6,78.0
6.2,72.3,63.1,6.3,65.0
5.7,84.9,69.1,7.3,78.5
4.2,69.4,76.1,8.4,70.0
6.5,85.3,78.3,5.1,79.3
5.3,63.6,62.0,8.0,65.3
7.5,66.7,62.4,6.3,65.1
2.9,70.8,41.4,7.9,48.8
5.8,52.8,56.9,7.7,65.3
5.2,58.6,48.7,4.8,52.7
2.2,71.3,87.8,6.2,69.0
7.3,94.8,97.1,6.2,98.5
6.7,80.4,48.0,6.5,75.6
7.0,53.8,58.3,6.6,69.1
5.2,65.4,92.3,9.0,82.9
3.6,57.0,54.5,6.0,58.7
3.2,73.5,66.2,6.9,56.7
1.9,84.4,67.2,7.6,65.3
6.1,73.7,77.0,6.9,86.2
5.3,62.3,70.2,6.5,71.1
5.3,60.9,58.7,7.0,71.5
4.1,45.3,58.8,4.9,54.5
3.7,54.4,39.9,9.0,44.5
8.3,77.0,65.2,7.5,84.9
6.1,57.4,78.0,7.9,68.8
6.5,59.1,56.3,6.7,64.2
3.4,66.3,45.8,7.3,51.6
2.3,65.1,67.7,5.3,53.0
5.5,71.0,61.9,7.3,66.7
6.3,67.1,80.9,6.6,80.4
4.9,74.2,61.8,8.1,65.9
6.8,54.3,38.5,6.5,57.7
2.4,68.4,49.2,5.9,53.0
6.4,77.6,71.7,4.7,71.8
5.0,51.2,62.0,6.7,65.7
7.1,63.6,66.2,3.8,56.9
5.6,55.1,38.6,5.2,43.8
9.3,58.6,98.0,6.1,85.1
2.6,87.3,73.5,6.3,77.9
6.2,83.9,69.3,9.2,77.9
4.8,74.4,68.3,8.1,74.1
6.2,83.1,76.8,7.5,76.7
8.0,78.9,56.7,4.0,58.0
3.2,59.5,65.4,7.6,72.3
5.4,63.4,34.5,8.0,58.3
8.4,74.3,91.4,5.6,83.0
4.4,78.1,46.8,7.5,62.7
3.0,76.1,73.8,5.8,69.1
5.9,93.8,74.9,8.2,75.0
5.5,81.8,95.2,6.7,84.4
2.6,91.1,52.7,5.7,59.9
7.0,67.5,47.0,5.9,52.9
7.3,70.0,69.4,6.1,73.6
4.1,70.7,62.8,6.3,56.7
6.7,77.3,56.5,6.1,78.2
1.4,53.9,64.6,8.6,52.7
3.8,45.0,46.8,7.5,48.7
7.4,61.0,49.2,4.8,52.2
5.8,78.7,83.2,6.0,81.0
2.5,58.5,56.9,8.0,57.2
6.1,72.5,69.7,6.5,72.1
2.3,51.2,52.8,6.5,43.5
5.1,79.4,44.3,6.4,76.7
4.3,78.0,40.3,8.0,61.8
5.2,66.9,36.9,4.1,58.8
2.5,78.8,69.7,7.9,75.6
3.1,70.5,68.8,6.7,65.0
6.4,61.1,73.6,5.7,69.9
6.6,62.9,74.2,7.5,74.0
7.8,73.5,82.4,8.9,81.1
2.9,63.8,74.7,6.7,60.2
3.6,75.0,50.9,7.9,64.9
8.0,80.5,92.8,7.1,91.9
5.8,80.6,82.5,7.1,86.0
7.9,59.9,54.9,9.0,61.5
6.0,82.2,55.0,7.7,77.3
5.5,73.4,61.4,5.8,70.5
5.7,68.8,83.6,7.2,77.9
8.1,63.4,75.2,7.3,73.3
3.9,75.8,90.5,8.4,83.0
5.1,59.7,38.4,4.2,47.1
5.6,56.2,67.4,6.9,61.8
4.6,82.1,78.8,6.7,83.2
6.0,46.4,62.0,5.8,59.2
5.4,71.7,86.9,7.6,84.2
4.8,67.2,51.2,7.4,65.3
7.8,60.8,98.0,8.1,87.9
0.5,88.5,55.2,6.1,63.6
1.6,88.3,59.4,5.6,59.2
4.0,68.3,71.3,8.8,77.6
0.5,48.6,58.8,7.3,51.2
3.2,69.3,65.9,7.9,76.2
2.2,64.1,31.7,5.1,36.6
8.3,75.7,70.7,6.5,70.3
2.3,52.8,61.4,7.8,58.3
6.9,67.0,73.8,6.2,81.7
5.6,68.3,70.2,6.9,82.0
4.5,70.5,68.7,8.1,75.2
2.9,55.5,60.9,6.8,66.7
1.1,62.3,61.2,9.0,57.1
4.9,83.3,76.9,7.1,87.9
7.0,77.5,67.7,7.5,77.3
6.7,79.3,64.5,8.3,79.2
3.9,66.0,73.9,8.0,67.6
7.7,86.5,64.7,7.0,78.9
4.9,80.1,63.1,6.3,78.4
6.1,63.5,67.7,8.1,66.1
5.9,66.6,62.0,7.7,67.2
2.1,79.0,42.6,7.4,56.4
10.0,90.2,67.4,4.1,78.3
7.1,82.2,62.7,8.5,78.2
5.0,79.1,51.7,6.7,64.9
2.7,91.5,80.1,7.8,76.5
2.7,68.5,43.0,4.9,45.7
1.8,59.9,49.6,6.5,48.1
5.7,78.0,70.6,6.6,74.9
6.3,58.4,52.4,4.5,55.8
1.8,76.5,60.1,7.0,64.4
4.2,52.8,36.4,7.7,52.7
1.7,58.3,73.4,7.1,55.2
5.2,79.2,52.0,6.2,63.4
2.5,73.9,74.3,4.5,72.2
8.0,73.6,46.7,6.7,65.7
5.4,49.5,43.6,8.8,52.3
3.3,77.1,56.7,7.4,66.1
8.8,68.9,58.9,7.2,80.3
6.1,81.1,51.2,4.9,67.5
5.1,50.3,57.3,7.7,62.4
10.0,65.8,63.4,4.7,71.4
4.9,59.8,65.2,5.2,59.4
6.1,51.3,64.3,5.6,55.3
0.5,93.7,48.8,7.6,53.7
6.1,76.5,59.7,5.9,63.2
4.6,78.0,74.3,7.6,73.9
5.9,68.2,52.6,7.3,69.5
4.0,87.3,53.6,6.8,61.8
6.6,76.0,62.1,8.8,75.9
3.6,65.3,69.2,8.3,72.8
6.1,76.3,48.8,5.4,67.1
4.3,45.0,49.3,7.3,54.2
6.0,79.5,98.0,7.4,88.3
6.0,76.4,78.9,6.0,70.1
3.9,72.3,57.5,7.4,64.7
5.6,59.2,71.5,6.1,60.9
1.7,88.1,62.5,7.2,71.6
4.3,69.0,98.0,5.5,85.5
0.7,63.6,52.0,8.1,56.6
6.6,52.6,77.7,4.6,66.3
6.2,74.2,68.1,6.8,64.6
3.2,72.4,73.0,5.0,73.5
3.9,81.2,83.5,3.7,71.2
7.6,66.3,70.5,7.7,77.5
6.5,70.7,65.5,5.7,73.4
5.9,84.0,51.2,6.0,69.6
8.3,86.1,52.2,7.4,85.0
7.7,79.5,67.3,6.6,79.4
3.6,79.9,79.0,4.2,65.8
2.4,53.4,33.5,6.3,49.4
6.7,78.4,80.6,7.6,69.5
6.1,48.5,65.2,4.1,54.8
7.3,57.8,73.2,7.3,76.6
5.5,67.3,75.5,6.9,75.1
4.1,53.6,54.9,6.5,54.4
4.9,57.9,77.8,8.5,76.1
7.1,65.6,83.2,5.3,71.6
4.1,62.7,62.3,6.4,59.0
5.7,69.7,77.8,7.1,77.7
8.1,66.5,66.4,7.5,76.0
5.8,67.6,58.3,8.8,59.6
1.9,85.0,74.9,6.8,65.8
4.8,66.7,71.5,6.5,75.2
5.4,73.3,68.4,7.7,72.7
1.7,59.0,90.5,4.6,50.9
7.9,78.1,75.1,5.2,78.6
6.4,72.1,65.9,5.8,86.1
3.0,66.6,85.0,6.9,74.3
5.9,58.4,81.0,4.9,71.8
1.6,93.0,63.4,8.8,57.8
5.2,46.9,45.1,5.5,44.2
5.1,75.9,68.0,6.8,83.9
5.4,80.0,67.2,5.5,75.1
5.5,67.4,55.2,4.4,49.3
3.9,64.1,78.6,7.2,70.2
5.6,70.3,71.3,6.0,73.7
7.3,65.7,81.6,6.6,83.9
5.8,69.9,66.9,8.5,73.6
8.6,66.7,72.2,7.3,79.4
3.6,81.5,63.2,4.7,64.0
5.1,91.8,82.9,7.0,86.9
4.7,75.6,61.0,8.3,73.8
9.5,69.4,77.2,7.0,84.4
5.0,67.1,53.6,6.0,61.4
1.1,70.3,62.5,6.8,56.6
9.5,82.4,64.7,7.2,75.4
6.0,76.4,59.8,8.1,71.6
5.0,90.2,59.5,5.7,80.2
6.2,45.0,42.6,8.0,57.8
4.0,66.4,45.5,6.3,65.8
7.3,71.4,49.3,7.1,75.6
6.0,76.4,73.5,7.7,76.2
7.2,78.5,45.5,7.0,66.1
1.6,67.5,41.6,5.1,45.9
4.4,72.4,53.5,6.2,54.7
2.0,58.3,52.2,6.6,47.4
3.1,72.5,62.5,7.6,58.9
6.2,66.1,48.3,8.0,73.5
2.6,67.6,59.4,5.4,59.3
1.5,83.0,53.4,7.6,55.6
3.3,74.6,52.7,6.3,57.6
5.6,66.6,91.8,6.6,82.8
5.7,66.2,55.8,5.8,70.4
5.5,79.9,82.8,3.0,66.9
0.7,66.2,59.1,7.6,46.6
4.0,81.1,66.8,8.6,67.9
7.4,55.7,74.0,7.8,77.0
4.0,52.3,59.1,8.4,60.5
7.3,53.0,41.7,7.3,53.0
0.5,58.5,38.5,6.8,55.3
7.4,64.2,41.0,7.6,62.4
4.4,55.8,62.8,7.3,70.1
2.7,66.3,55.7,7.3,64.7
5.5,57.4,74.4,6.0,75.4
4.5,51.4,62.6,7.6,64.1
2.7,61.8,57.3,6.5,53.9
5.6,61.4,79.6,7.0,80.2
6.1,80.8,81.3,5.5,73.7
4.9,77.1,52.3,8.1,72.7
4.8,68.8,54.1,6.6,61.6
5.4,73.3,82.8,5.9,81.5
5.8,73.2,49.9,6.3,67.5
5.1,69.9,67.8,7.1,72.7
4.7,56.9,65.9,7.3,66.9
3.4,79.6,79.3,6.8,74.1
6.3,70.0,64.9,7.0,79.9
4.0,60.6,68.6,7.8,58.4
6.7,67.1,44.8,8.4,62.6
1.9,73.3,80.9,7.0,67.4
2.5,71.8,78.8,5.1,65.7
4.8,58.5,30.0,5.6,54.4
4.7,60.5,82.9,8.3,74.1
2.7,65.1,44.1,8.4,57.7
2.0,71.0,60.3,6.0,68.4
5.5,81.3,65.8,8.6,63.7
7.0,89.3,62.2,8.4,78.8
2.4,56.5,56.9,8.0,59.6
5.3,75.9,64.0,8.2,77.7
1.0,70.9,49.0,7.2,56.5
4.6,62.0,45.3,7.3,57.7
1.0,66.7,47.4,6.7,48.3
1.6,63.0,63.0,6.5,63.4
9.1,100.0,83.9,4.8,84.3
5.1,68.9,64.7,10.0,59.1
3.4,88.1,54.3,7.5,74.4
7.2,73.4,72.3,5.5,69.2
8.3,46.4,73.0,6.9,72.9
3.6,50.9,40.5,8.0,39.8
4.7,67.5,76.8,7.3,75.9
0.5,75.9,54.3,6.4,54.2
6.6,47.3,59.8,5.1,58.9
7.6,70.6,67.3,6.5,78.2
8.0,77.2,64.2,6.7,81.9
4.6,89.6,86.8,8.3,86.1
5.9,79.3,81.8,7.4,84.1
4.5,68.8,69.4,9.3,71.1
7.2,65.4,56.4,5.7,55.2
1.7,46.1,43.9,5.5,49.9
1.8,65.5,64.3,6.8,51.1
6.3,93.9,59.5,6.5,81.7
8.6,59.2,57.2,5.0,59.2
6.5,59.5,69.6,6.4,74.7
8.9,68.4,73.8,5.5,81.3
5.7,93.9,82.6,5.9,96.3
4.5,59.5,60.0,5.7,64.3
6.9,65.2,55.9,7.5,69.2
